ticker,status,company_name,latest_filing,selection_score,selection_reason
1407,included_curated,株式会社ウエストホールディングス,2025-11-25,,既存監視対象
1605,included_curated,株式会社ＩＮＰＥＸ,2026-03-26,,既存監視対象
186A,included_curated,株式会社アストロスケールホールディングス,2025-07-29,,既存監視対象
2160,included_curated,株式会社ジーエヌアイグループ,2026-03-27,,既存監視対象
219A,included_curated,Ｈｅａｒｔｓｅｅｄ株式会社,2026-03-26,,既存監視対象
2326,included_curated,デジタルアーツ株式会社,2026-06-25,,既存監視対象
2395,included_curated,株式会社新日本科学,2026-06-25,,既存監視対象
3040,included_curated,株式会社ソリトンシステムズ,2026-03-24,,既存監視対象
3116,included_curated,トヨタ紡織株式会社,2026-06-09,,既存監視対象
3401,included_curated,帝人株式会社,2026-06-18,,既存監視対象
3402,included_curated,東レ株式会社,2026-06-22,,既存監視対象
3405,included_curated,株式会社クラレ,2026-03-25,,既存監視対象
3407,included_curated,旭化成株式会社,2026-06-24,,既存監視対象
3436,included_curated,株式会社ＳＵＭＣＯ,2026-03-26,,既存監視対象
3655,included_curated,株式会社ブレインパッド,2025-09-25,,既存監視対象
3692,included_curated,株式会社ＦＦＲＩセキュリティ,2026-06-25,,既存監視対象
3774,included_curated,株式会社インターネットイニシアティブ,2026-06-25,,既存監視対象
3778,included_curated,さくらインターネット株式会社,2026-06-15,,既存監視対象
3857,not_found_in_edinet_master,,,,
3905,included_curated,データセクション株式会社,2026-06-29,,既存監視対象
3914,included_curated,ＪＩＧ－ＳＡＷ株式会社,2026-03-24,,既存監視対象
3993,included_curated,株式会社ＰＫＳＨＡ Ｔｅｃｈｎｏｌｏｇｙ,2025-12-22,,既存監視対象
4004,included_curated,株式会社レゾナック・ホールディングス,2026-03-25,,既存監視対象
4005,included_curated,住友化学株式会社,2026-06-22,,既存監視対象
4021,included_curated,日産化学株式会社,2026-06-24,,既存監視対象
4042,included_curated,東ソー株式会社,2026-06-24,,既存監視対象
4043,included_curated,株式会社トクヤマ,2026-06-19,,既存監視対象
4055,included_curated,ティアンドエスグループ株式会社,2025-12-25,,既存監視対象
4061,included_curated,デンカ株式会社,2026-06-17,,既存監視対象
4062,included_curated,イビデン株式会社,2026-06-18,,既存監視対象
4063,included_curated,信越化学工業株式会社,2026-06-19,,既存監視対象
4080,not_found_in_edinet_master,,,,
4091,included_curated,日本酸素ホールディングス株式会社,2026-06-15,,既存監視対象
4107,included_curated,伊勢化学工業株式会社,2026-03-27,,既存監視対象
4114,included_curated,株式会社日本触媒,2026-06-17,,既存監視対象
4151,included_curated,協和キリン株式会社,2026-03-10,,既存監視対象
4180,included_curated,Ａｐｐｉｅｒ Ｇｒｏｕｐ株式会社,2026-03-26,,既存監視対象
4183,included_curated,三井化学株式会社,2026-06-22,,既存監視対象
4186,included_curated,東京応化工業株式会社,2026-03-24,,既存監視対象
4188,included_curated,三菱ケミカルグループ株式会社,2026-06-22,,既存監視対象
4203,included_curated,住友ベークライト株式会社,2026-06-22,,既存監視対象
4204,included_curated,積水化学工業株式会社,2026-06-12,,既存監視対象
4259,included_curated,株式会社エクサウィザーズ,2026-06-22,,既存監視対象
4268,not_found_in_edinet_master,,,,
4272,included_curated,日本化薬株式会社,2026-06-19,,既存監視対象
4288,included_curated,株式会社アズジェント,2026-06-24,,既存監視対象
4368,included_curated,扶桑化学工業株式会社,2026-06-19,,既存監視対象
4369,included_curated,株式会社 トリケミカル研究所,2026-04-24,,既存監視対象
4382,included_curated,ＨＥＲＯＺ株式会社,2025-07-24,,既存監視対象
4401,included_curated,株式会社ＡＤＥＫＡ,2026-06-15,,既存監視対象
4403,included_curated,日油株式会社,2026-06-25,,既存監視対象
4413,included_curated,株式会社ボードルア,2026-05-27,,既存監視対象
4443,included_curated,Ｓａｎｓａｎ株式会社,2025-08-25,,既存監視対象
4475,included_curated,ＨＥＮＮＧＥ株式会社,2025-12-24,,既存監視対象
4493,included_curated,株式会社サイバーセキュリティクラウド,2026-03-25,,既存監視対象
4502,included_curated,武田薬品工業株式会社,2026-06-17,,既存監視対象
4503,included_curated,アステラス製薬株式会社,2026-06-16,,既存監視対象
4506,included_curated,住友ファーマ株式会社,2026-06-23,,既存監視対象
4507,included_curated,塩野義製薬株式会社,2026-06-19,,既存監視対象
4519,included_curated,中外製薬株式会社,2026-03-25,,既存監視対象
4523,included_curated,エーザイ株式会社,2026-06-12,,既存監視対象
4527,included_curated,ロート製薬株式会社,2026-06-19,,既存監視対象
4528,included_curated,小野薬品工業株式会社,2026-06-15,,既存監視対象
4530,not_found_in_edinet_master,,,,
4536,included_curated,参天製薬株式会社,2026-06-18,,既存監視対象
4543,included_curated,テルモ株式会社,2026-06-23,,既存監視対象
4565,included_curated,ネクセラファーマ株式会社,2026-03-25,,既存監視対象
4568,included_curated,第一三共株式会社,2026-06-19,,既存監視対象
4571,included_curated,ＮＡＮＯホールディングス株式会社,2026-06-26,,既存監視対象
4578,included_curated,大塚ホールディングス株式会社,2026-03-26,,既存監視対象
4587,included_curated,ペプチドリーム株式会社,2026-03-18,,既存監視対象
4592,included_curated,サンバイオ株式会社,2026-04-20,,既存監視対象
4593,included_curated,株式会社ヘリオス,2026-03-24,,既存監視対象
4594,included_curated,ブライトパス・バイオ株式会社,2026-06-25,,既存監視対象
4626,included_curated,太陽ホールディングス株式会社,2026-06-16,,既存監視対象
4684,included_curated,株式会社オービック,2026-06-23,,既存監視対象
4704,included_curated,トレンドマイクロ株式会社,2026-03-26,,既存監視対象
4812,included_curated,株式会社電通総研,2026-03-18,,既存監視対象
4882,included_curated,株式会社ペルセウスプロテオミクス,2026-06-22,,既存監視対象
4883,included_curated,株式会社モダリス,2026-03-25,,既存監視対象
4886,included_curated,あすか製薬ホールディングス株式会社,2026-06-19,,既存監視対象
4887,included_curated,サワイグループホールディングス株式会社,2026-06-24,,既存監視対象
4888,included_curated,ステラファーマ株式会社,2026-06-23,,既存監視対象
4892,included_curated,株式会社サイフューズ,2026-03-27,,既存監視対象
4894,included_curated,クオリプス株式会社,2026-06-24,,既存監視対象
4901,included_curated,富士フイルムホールディングス株式会社,2026-06-24,,既存監視対象
4902,included_curated,コニカミノルタ株式会社,2026-06-12,,既存監視対象
4970,included_curated,東洋合成工業株式会社,2026-06-23,,既存監視対象
4971,included_curated,メック株式会社,2026-03-23,,既存監視対象
4974,not_found_in_edinet_master,,,,
4975,included_curated,株式会社ＪＣＵ,2026-06-24,,既存監視対象
4980,included_curated,デクセリアルズ株式会社,2026-06-22,,既存監視対象
5019,included_curated,出光興産株式会社,2026-06-17,,既存監視対象
5020,included_curated,ＥＮＥＯＳホールディングス株式会社,2026-06-23,,既存監視対象
5214,included_curated,日本電気硝子株式会社,2026-03-26,,既存監視対象
5333,included_curated,ＮＧＫ株式会社,2026-06-22,,既存監視対象
5384,included_curated,株式会社フジミインコーポレーテッド,2026-06-19,,既存監視対象
5574,included_curated,株式会社ＡＢＥＪＡ,2025-11-25,,既存監視対象
5582,included_curated,株式会社グリッド,2025-09-25,,既存監視対象
5591,included_curated,株式会社ＡＶＩＬＥＮ,2026-03-26,,既存監視対象
5595,included_curated,株式会社ＱＰＳ研究所,2025-08-27,,既存監視対象
5711,included_curated,三菱マテリアル株式会社,2026-06-22,,既存監視対象
5713,included_curated,住友金属鉱山株式会社,2026-06-24,,既存監視対象
5801,included_curated,古河電気工業株式会社,2026-06-24,,既存監視対象
5802,included_curated,住友電気工業株式会社,2026-06-26,,既存監視対象
5803,included_curated,株式会社フジクラ,2026-06-23,,既存監視対象
6103,included_curated,オークマ株式会社,2026-06-22,,既存監視対象
6113,included_curated,株式会社アマダ,2026-06-25,,既存監視対象
6134,included_curated,株式会社ＦＵＪＩ,2026-06-25,,既存監視対象
6141,included_curated,ＤＭＧ森精機株式会社,2026-03-30,,既存監視対象
6146,included_curated,株式会社ディスコ,2026-06-16,,既存監視対象
6201,not_found_in_edinet_master,,,,
6208,included_curated,株式会社石川製作所,2026-06-18,,既存監視対象
6228,included_curated,株式会社ジェイ・イー・ティ,2026-05-29,,既存監視対象
6232,included_curated,株式会社ＡＣＳＬ,2026-03-31,,既存監視対象
6254,included_curated,野村マイクロ・サイエンス株式会社,2026-06-23,,既存監視対象
6264,included_curated,株式会社マルマエ,2025-11-25,,既存監視対象
6273,included_curated,ＳＭＣ株式会社,2026-06-26,,既存監視対象
6315,included_curated,ＴＯＷＡ株式会社,2026-06-19,,既存監視対象
6323,included_curated,ローツェ株式会社,2026-05-22,,既存監視対象
6324,included_curated,株式会社ハーモニック・ドライブ・システムズ,2026-06-16,,既存監視対象
6383,included_curated,株式会社ダイフク,2026-03-24,,既存監視対象
6387,included_curated,サムコ 株式会社,2025-10-20,,既存監視対象
6407,included_curated,ＣＫＤ株式会社,2026-06-25,,既存監視対象
6457,included_curated,グローリー株式会社,2026-06-25,,既存監視対象
6479,included_curated,ミネベアミツミ株式会社,2026-06-24,,既存監視対象
6481,included_curated,ＴＨＫ株式会社,2026-03-18,,既存監視対象
6501,included_curated,株式会社日立製作所,2026-06-22,,既存監視対象
6503,included_curated,三菱電機株式会社,2026-06-19,,既存監視対象
6504,included_curated,富士電機株式会社,2026-06-19,,既存監視対象
6506,included_curated,株式会社安川電機,2026-05-25,,既存監視対象
6521,included_curated,株式会社オキサイド,2026-05-22,,既存監視対象
6525,included_curated,株式会社ＫＯＫＵＳＡＩ ＥＬＥＣＴＲＩＣ,2026-06-25,,既存監視対象
6526,included_curated,株式会社ソシオネクスト,2026-06-23,,既存監視対象
6590,included_curated,芝浦メカトロニクス株式会社,2026-06-15,,既存監視対象
6594,included_curated,ニデック株式会社,2025-09-26,,既存監視対象
6613,included_curated,株式会社ＱＤレーザ,2026-06-19,,既存監視対象
6616,included_curated,トレックス・セミコンダクター株式会社,2026-06-23,,既存監視対象
6627,included_curated,株式会社テラプローブ,2026-03-25,,既存監視対象
6645,included_curated,オムロン株式会社,2026-06-22,,既存監視対象
6668,included_curated,株式会社アドテックプラズマテクノロジー,2025-11-26,,既存監視対象
6674,included_curated,株式会社 ジーエス・ユアサ コーポレーション,2026-06-23,,既存監視対象
6677,included_curated,株式会社エスケーエレクトロニクス,2025-12-18,,既存監視対象
6701,included_curated,日本電気株式会社,2026-06-18,,既存監視対象
6702,included_curated,富士通株式会社,2026-06-26,,既存監視対象
6707,included_curated,サンケン電気株式会社,2026-06-24,,既存監視対象
6723,included_curated,ルネサスエレクトロニクス株式会社,2026-03-19,,既存監視対象
6728,included_curated,株式会社 アルバック,2025-09-26,,既存監視対象
6754,included_curated,アンリツ株式会社,2026-06-23,,既存監視対象
6758,included_curated,ソニーグループ株式会社,2026-06-18,,既存監視対象
6762,included_curated,ＴＤＫ株式会社,2026-06-17,,既存監視対象
6778,included_curated,株式会社アルチザネットワークス,2025-10-23,,既存監視対象
6779,included_curated,日本電波工業株式会社,2026-06-22,,既存監視対象
6800,included_curated,株式会社ヨコオ,2026-06-24,,既存監視対象
6817,included_curated,スミダコーポレーション株式会社,2026-03-16,,既存監視対象
6834,included_curated,株式会社 精工技研,2026-06-18,,既存監視対象
6838,included_curated,株式会社多摩川ホールディングス,2026-01-28,,既存監視対象
6841,included_curated,横河電機株式会社,2026-06-18,,既存監視対象
6857,included_curated,株式会社アドバンテスト,2026-06-26,,既存監視対象
6861,included_curated,株式会社キーエンス,2026-06-15,,既存監視対象
6869,included_curated,シスメックス株式会社,2026-06-22,,既存監視対象
6871,included_curated,株式会社日本マイクロニクス,2026-03-25,,既存監視対象
6890,included_curated,株式会社フェローテック,2026-06-25,,既存監視対象
6902,included_curated,株式会社デンソー,2026-06-11,,既存監視対象
6920,included_curated,レーザーテック株式会社,2025-09-25,,既存監視対象
6925,included_curated,ウシオ電機株式会社,2026-06-25,,既存監視対象
6941,included_curated,山一電機株式会社,2026-06-24,,既存監視対象
6946,included_curated,日本アビオニクス株式会社,2026-06-18,,既存監視対象
6954,included_curated,ファナック株式会社,2026-06-22,,既存監視対象
6963,included_curated,ローム株式会社,2026-06-19,,既存監視対象
6965,included_curated,浜松ホトニクス株式会社,2025-12-18,,既存監視対象
6967,not_found_in_edinet_master,,,,
6971,included_curated,京セラ株式会社,2026-06-19,,既存監視対象
6981,included_curated,株式会社村田製作所,2026-06-24,,既存監視対象
6988,included_curated,日東電工株式会社,2026-06-17,,既存監視対象
6995,included_curated,株式会社東海理化電機製作所,2026-06-09,,既存監視対象
7003,included_curated,株式会社三井Ｅ＆Ｓ,2026-06-25,,既存監視対象
7011,included_curated,三菱重工業株式会社,2026-06-24,,既存監視対象
7012,included_curated,川崎重工業株式会社,2026-06-19,,既存監視対象
7013,included_curated,株式会社ＩＨＩ,2026-06-22,,既存監視対象
7201,included_curated,日産自動車株式会社,2026-06-22,,既存監視対象
7202,included_curated,いすゞ自動車株式会社,2026-06-23,,既存監視対象
7203,included_curated,トヨタ自動車株式会社,2026-06-10,,既存監視対象
7211,included_curated,三菱自動車工業株式会社,2026-06-16,,既存監視対象
7224,included_curated,新明和工業株式会社,2026-06-24,,既存監視対象
7259,included_curated,株式会社アイシン,2026-06-12,,既存監視対象
7261,included_curated,マツダ株式会社,2026-06-23,,既存監視対象
7267,included_curated,本田技研工業株式会社,2026-06-18,,既存監視対象
7269,included_curated,スズキ株式会社,2026-06-23,,既存監視対象
7270,included_curated,株式会社ＳＵＢＡＲＵ,2026-06-22,,既存監視対象
7272,included_curated,ヤマハ発動機株式会社,2026-03-23,,既存監視対象
7313,included_curated,テイ・エス テック株式会社,2026-06-17,,既存監視対象
7701,included_curated,株式会社 島津製作所,2026-06-23,,既存監視対象
7713,included_curated,シグマ光機株式会社,2025-08-27,,既存監視対象
7721,included_curated,東京計器株式会社,2026-06-29,,既存監視対象
7729,included_curated,株式会社東京精密,2026-06-19,,既存監視対象
7731,included_curated,株式会社ニコン,2026-06-25,,既存監視対象
7733,included_curated,オリンパス株式会社,2026-06-18,,既存監視対象
7735,included_curated,株式会社ＳＣＲＥＥＮホールディングス,2026-06-25,,既存監視対象
7741,included_curated,ＨＯＹＡ株式会社,2026-06-05,,既存監視対象
7747,included_curated,朝日インテック株式会社,2025-09-24,,既存監視対象
7751,included_curated,キヤノン株式会社,2026-03-25,,既存監視対象
7780,included_curated,株式会社メニコン,2026-06-25,,既存監視対象
8035,included_curated,東京エレクトロン株式会社,2026-06-22,,既存監視対象
8086,included_curated,ニプロ株式会社,2026-06-25,,既存監視対象
9348,included_curated,株式会社ｉｓｐａｃｅ,2026-06-25,,既存監視対象
9432,included_curated,ＮＴＴ株式会社,2026-06-16,,既存監視対象
9433,included_curated,ＫＤＤＩ株式会社,2026-06-25,,既存監視対象
9434,included_curated,ソフトバンク株式会社,2026-06-19,,既存監視対象
9513,included_curated,電源開発株式会社,2026-06-24,,既存監視対象
9517,included_curated,イーレックス株式会社,2026-06-25,,既存監視対象
9519,included_curated,株式会社レノバ,2026-06-17,,既存監視対象
1963,included_scored_expansion,日揮ホールディングス株式会社,2026-06-19,147.00,詳細業種=プラント/エンジニアリング|研究開発活動あり|研究開発費あり
4171,included_scored_expansion,株式会社グローバルインフォメーション,2026-03-25,141.74,詳細業種=半導体|研究開発活動あり|研究開発費あり
6752,included_scored_expansion,パナソニックホールディングス株式会社,2026-06-19,141.00,詳細業種=電力|研究開発活動あり|研究開発費あり|研究開発比率3%以上
6301,included_scored_expansion,株式会社小松製作所,2026-06-18,140.00,詳細業種=機械|研究開発活動あり|研究開発費あり|研究開発比率3%以上
3446,included_scored_expansion,株式会社ジェイテックコーポレーション,2025-09-26,140.00,詳細業種=半導体|研究開発活動あり|研究開発費あり|研究開発比率3%以上
6524,included_scored_expansion,湖北工業株式会社,2026-03-26,139.89,詳細業種=電子部品|研究開発活動あり|研究開発費あり|研究開発比率3%以上
6703,included_scored_expansion,沖電気工業株式会社,2026-06-22,139.64,詳細業種=半導体|研究開発活動あり|研究開発費あり
6807,included_scored_expansion,日本航空電子工業株式会社,2026-06-19,139.00,詳細業種=重工/造船/航空|研究開発活動あり|研究開発費あり|研究開発比率3%以上
7752,included_scored_expansion,株式会社リコー,2026-06-16,137.61,詳細業種=光学/精密機器|研究開発活動あり|研究開発費あり
5334,included_scored_expansion,日本特殊陶業株式会社,2026-06-25,137.53,詳細業種=自動車|研究開発活動あり|研究開発費あり|研究開発比率3%以上
6473,included_scored_expansion,株式会社ジェイテクト,2026-06-19,137.43,詳細業種=自動車|研究開発活動あり|研究開発費あり
4564,included_scored_expansion,オンコセラピー・サイエンス株式会社,2026-06-23,137.00,詳細業種=バイオ/創薬|研究開発活動あり|研究開発費あり|研究開発比率3%以上
6632,included_scored_expansion,株式会社ＪＶＣケンウッド,2026-06-22,137.00,詳細業種=光学/精密機器|研究開発活動あり|研究開発費あり|研究開発比率3%以上
2802,included_scored_expansion,味の素株式会社,2026-06-12,136.00,詳細業種=食品/飲料|研究開発活動あり|研究開発費あり
9984,included_scored_expansion,ソフトバンクグループ株式会社,2026-06-22,135.00,詳細業種=半導体|研究開発活動あり|研究開発費あり|研究開発比率3%以上
5016,included_scored_expansion,ＪＸ金属株式会社,2026-06-24,135.00,詳細業種=半導体|研究開発活動あり|研究開発費あり
6302,included_scored_expansion,住友重機械工業株式会社,2026-03-26,135.00,詳細業種=機械|研究開発活動あり|研究開発費あり
268A,included_scored_expansion,リガク・ホールディングス株式会社,2026-03-24,134.00,詳細業種=半導体|研究開発活動あり|研究開発費あり|研究開発比率3%以上
3787,included_scored_expansion,株式会社テクノマセマティカル,2026-06-23,134.00,詳細業種=半導体|研究開発活動あり|研究開発費あり|研究開発比率3%以上
4028,included_scored_expansion,石原産業株式会社,2026-06-24,134.00,詳細業種=医薬品|研究開発活動あり|研究開発費あり|研究開発比率3%以上
4082,included_scored_expansion,第一稀元素化学工業株式会社,2026-06-15,134.00,詳細業種=半導体|研究開発活動あり|研究開発費あり|研究開発比率3%以上
4968,included_scored_expansion,荒川化学工業株式会社,2026-06-23,134.00,詳細業種=化学|研究開発活動あり|研究開発費あり|研究開発比率3%以上
6845,included_scored_expansion,アズビル株式会社,2026-06-19,134.00,詳細業種=計測/制御|研究開発活動あり|研究開発費あり|研究開発比率3%以上
9165,included_scored_expansion,株式会社クオルテック,2025-09-25,134.00,詳細業種=半導体|研究開発活動あり|研究開発費あり|研究開発比率3%以上
2962,included_scored_expansion,株式会社テクニスコ,2025-09-26,133.00,詳細業種=電子部品|研究開発活動あり|研究開発費あり|研究開発比率3%以上
6914,included_scored_expansion,オプテックスグループ株式会社,2026-03-26,133.00,詳細業種=光学/精密機器|研究開発活動あり|研究開発費あり|研究開発比率3%以上
6996,included_scored_expansion,ニチコン株式会社,2026-06-26,133.00,詳細業種=電子部品|研究開発活動あり|研究開発費あり|研究開発比率3%以上
6770,included_scored_expansion,アルプスアルパイン株式会社,2026-06-18,132.96,詳細業種=電子部品|研究開発活動あり|研究開発費あり
4078,included_scored_expansion,堺化学工業株式会社,2026-06-24,132.25,詳細業種=化学|研究開発活動あり|研究開発費あり|研究開発比率3%以上
6875,included_scored_expansion,株式会社メガチップス,2026-06-24,132.04,詳細業種=半導体|研究開発活動あり|研究開発費あり|研究開発比率3%以上
4591,included_scored_expansion,株式会社リボミック,2026-06-19,132.00,詳細業種=バイオ/創薬|研究開発活動あり|研究開発費あり
5821,included_scored_expansion,平河ヒューテック株式会社,2026-06-25,132.00,詳細業種=電子部品|研究開発活動あり|研究開発費あり
6507,included_scored_expansion,シンフォニアテクノロジー株式会社,2026-06-25,132.00,詳細業種=プラント/エンジニアリング|研究開発活動あり|研究開発費あり|研究開発比率3%以上
6599,included_scored_expansion,エブレン株式会社,2026-06-25,132.00,詳細業種=半導体|研究開発活動あり|研究開発費あり
7911,included_scored_expansion,ＴＯＰＰＡＮホールディングス株式会社,2026-06-24,132.00,詳細業種=素材/材料|研究開発活動あり|研究開発費あり
8151,included_scored_expansion,株式会社東陽テクニカ,2025-12-18,132.00,詳細業種=ソフトウェア|研究開発活動あり|研究開発費あり
7745,included_scored_expansion,株式会社Ａ＆Ｄホロンホールディングス,2026-06-23,131.39,詳細業種=計測/制御|研究開発活動あり|研究開発費あり|研究開発比率3%以上
4884,included_scored_expansion,クリングルファーマ株式会社,2025-12-19,131.20,詳細業種=バイオ/創薬|研究開発活動あり|研究開発費あり|研究開発比率3%以上
6367,included_scored_expansion,ダイキン工業株式会社,2026-06-24,131.00,詳細業種=化学|研究開発活動あり|研究開発費あり|研究開発比率3%以上
3652,included_scored_expansion,株式会社ディジタルメディアプロフェッショナル,2026-06-22,131.00,詳細業種=半導体|研究開発活動あり|研究開発費あり|研究開発比率3%以上
4045,included_scored_expansion,東亞合成株式会社,2026-03-25,131.00,詳細業種=化学|研究開発活動あり|研究開発費あり|研究開発比率3%以上
4182,included_scored_expansion,三菱瓦斯化学株式会社,2026-06-22,131.00,詳細業種=化学|研究開発活動あり|研究開発費あり|研究開発比率3%以上
5121,included_scored_expansion,藤倉コンポジット株式会社,2026-06-24,131.00,詳細業種=素材/材料|研究開発活動あり|研究開発費あり|研究開発比率3%以上
6235,included_scored_expansion,株式会社オプトラン,2026-03-25,131.00,詳細業種=光学/精密機器|研究開発活動あり|研究開発費あり|研究開発比率3%以上
6338,included_scored_expansion,株式会社タカトリ,2025-12-18,131.00,詳細業種=半導体|研究開発活動あり|研究開発費あり|研究開発比率3%以上
6810,included_scored_expansion,マクセル株式会社,2026-06-24,131.00,詳細業種=光学/精密機器|研究開発活動あり|研究開発費あり|研究開発比率3%以上
6824,included_scored_expansion,新コスモス電機株式会社,2026-06-26,131.00,詳細業種=電子部品|研究開発活動あり|研究開発費あり|研究開発比率3%以上
6856,included_scored_expansion,株式会社堀場製作所,2026-03-23,131.00,詳細業種=半導体|研究開発活動あり|研究開発費あり|研究開発比率3%以上
7739,included_scored_expansion,キヤノン電子株式会社,2026-03-25,131.00,詳細業種=広告/マーケティング|研究開発活動あり|研究開発費あり|研究開発比率3%以上
7777,included_scored_expansion,株式会社スリー・ディー・マトリックス,2025-07-24,131.00,詳細業種=医薬品|研究開発活動あり|研究開発費あり|研究開発比率3%以上
4263,included_scored_expansion,サスメド株式会社,2025-09-26,130.74,詳細業種=医薬品|研究開発活動あり|研究開発費あり
6190,included_scored_expansion,株式会社フェニックスバイオ,2026-06-25,130.57,詳細業種=バイオ/創薬|研究開発活動あり|研究開発費あり|研究開発比率3%以上
6472,included_scored_expansion,ＮＴＮ株式会社,2026-06-17,130.45,詳細業種=自動車|研究開発活動あり|研究開発費あり
6753,included_scored_expansion,シャープ株式会社,2026-06-23,130.00,詳細業種=電子部品|研究開発活動あり|研究開発費あり|研究開発比率3%以上
7276,included_scored_expansion,株式会社小糸製作所,2026-06-24,129.43,詳細業種=鉄道/輸送機器|研究開発活動あり|研究開発費あり|研究開発比率3%以上
255A,included_scored_expansion,ジーエルテクノホールディングス株式会社,2026-06-22,129.42,詳細業種=半導体|研究開発活動あり|研究開発費あり
3106,included_scored_expansion,倉敷紡績株式会社,2026-06-25,129.00,詳細業種=食品/飲料|研究開発活動あり|研究開発費あり
3861,included_scored_expansion,王子ホールディングス株式会社,2026-06-25,129.00,詳細業種=紙/パルプ|研究開発活動あり|研究開発費あり
4634,included_scored_expansion,ａｒｔｉｅｎｃｅ株式会社,2026-03-19,129.00,詳細業種=素材/材料|研究開発活動あり|研究開発費あり
5185,included_scored_expansion,株式会社フコク,2026-06-22,129.00,詳細業種=自動車|研究開発活動あり|研究開発費あり
6376,included_scored_expansion,日機装株式会社,2026-03-26,129.00,詳細業種=重工/造船/航空|研究開発活動あり|研究開発費あり
177A,included_scored_expansion,コージンバイオ株式会社,2026-06-23,128.64,詳細業種=バイオ/創薬|研究開発活動あり|研究開発費あり|研究開発比率3%以上
9697,included_scored_expansion,株式会社カプコン,2026-06-16,128.09,詳細業種=ゲーム|研究開発活動あり|研究開発費あり|研究開発比率3%以上
206A,included_scored_expansion,株式会社ＰＲＩＳＭ ＢｉｏＬａｂ,2025-12-24,128.00,詳細業種=バイオ/創薬|研究開発活動あり|研究開発費あり|研究開発比率3%以上
285A,included_scored_expansion,キオクシアホールディングス株式会社,2026-06-24,128.00,詳細業種=半導体|研究開発活動あり|研究開発費あり|研究開発比率3%以上
3105,included_scored_expansion,日清紡ホールディングス株式会社,2026-03-26,128.00,詳細業種=自動車部品|研究開発活動あり|研究開発費あり|研究開発比率3%以上
3687,included_scored_expansion,株式会社フィックスターズ,2025-12-16,128.00,詳細業種=ソフトウェア|研究開発活動あり|研究開発費あり|研究開発比率3%以上
3878,included_scored_expansion,株式会社巴川コーポレーション,2026-06-18,128.00,詳細業種=半導体|研究開発活動あり|研究開発費あり|研究開発比率3%以上
4047,included_scored_expansion,関東電化工業株式会社,2026-06-25,128.00,詳細業種=化学|研究開発活動あり|研究開発費あり|研究開発比率3%以上
4534,included_scored_expansion,持田製薬株式会社,2026-06-24,128.00,詳細業種=医薬品|研究開発活動あり|研究開発費あり|研究開発比率3%以上
4570,included_scored_expansion,株式会社免疫生物研究所,2026-06-26,128.00,詳細業種=バイオ/創薬|研究開発活動あり|研究開発費あり|研究開発比率3%以上
4572,included_scored_expansion,カルナバイオサイエンス株式会社,2026-03-26,128.00,詳細業種=バイオ/創薬|研究開発活動あり|研究開発費あり|研究開発比率3%以上
4582,included_scored_expansion,シンバイオ製薬株式会社,2026-03-24,128.00,詳細業種=医薬品|研究開発活動あり|研究開発費あり|研究開発比率3%以上
4584,included_scored_expansion,キッズウェル・バイオ株式会社,2026-06-29,128.00,詳細業種=バイオ/創薬|研究開発活動あり|研究開発費あり|研究開発比率3%以上
4586,included_scored_expansion,株式会社メドレックス,2026-03-19,128.00,詳細業種=医薬品|研究開発活動あり|研究開発費あり|研究開発比率3%以上
4588,included_scored_expansion,オンコリスバイオファーマ株式会社,2026-03-25,128.00,詳細業種=バイオ/創薬|研究開発活動あり|研究開発費あり|研究開発比率3%以上
4597,included_scored_expansion,ソレイジア・ファーマ株式会社,2026-03-24,128.00,詳細業種=医薬品|研究開発活動あり|研究開発費あり|研究開発比率3%以上
4896,included_scored_expansion,株式会社ケイファーマ,2026-03-24,128.00,詳細業種=バイオ/創薬|研究開発活動あり|研究開発費あり|研究開発比率3%以上
4978,included_scored_expansion,株式会社リプロセル,2026-06-26,128.00,詳細業種=バイオ/創薬|研究開発活動あり|研究開発費あり|研究開発比率3%以上
5542,included_scored_expansion,新報国マテリアル株式会社,2026-03-30,128.00,詳細業種=不動産/デベロッパー|研究開発活動あり|研究開発費あり|研究開発比率3%以上
6384,included_scored_expansion,株式会社昭和真空,2026-06-25,128.00,詳細業種=半導体製造装置|研究開発活動あり|研究開発費あり|研究開発比率3%以上
6622,included_scored_expansion,株式会社ダイヘン,2026-06-19,128.00,詳細業種=産業機器|研究開発活動あり|研究開発費あり|研究開発比率3%以上
6721,included_scored_expansion,ウインテスト株式会社,2026-03-31,128.00,詳細業種=半導体|研究開発活動あり|研究開発費あり|研究開発比率3%以上
6724,included_scored_expansion,セイコーエプソン株式会社,2026-06-24,128.00,詳細業種=半導体|研究開発活動あり|研究開発費あり|研究開発比率3%以上
6844,included_scored_expansion,新電元工業株式会社,2026-06-24,128.00,詳細業種=半導体|研究開発活動あり|研究開発費あり|研究開発比率3%以上
6882,included_scored_expansion,株式会社三社電機製作所,2026-06-22,128.00,詳細業種=半導体|研究開発活動あり|研究開発費あり|研究開発比率3%以上
6961,included_scored_expansion,株式会社エンプラス,2026-06-26,128.00,詳細業種=光学/精密機器|研究開発活動あり|研究開発費あり|研究開発比率3%以上
7966,included_scored_expansion,リンテック株式会社,2026-06-17,128.00,詳細業種=素材/材料|研究開発活動あり|研究開発費あり|研究開発比率3%以上
6471,included_scored_expansion,日本精工株式会社,2026-06-22,127.28,詳細業種=自動車|研究開発活動あり|研究開発費あり
1333,included_scored_expansion,Ｕｍｉｏｓ株式会社,2026-06-17,127.25,詳細業種=食品/飲料|研究開発活動あり|研究開発費あり
4100,included_scored_expansion,戸田工業株式会社,2026-06-24,127.00,詳細業種=素材/材料|研究開発活動あり|研究開発費あり|研究開発比率3%以上
6806,included_scored_expansion,ヒロセ電機株式会社,2026-06-24,127.00,詳細業種=電子部品|研究開発活動あり|研究開発費あり|研究開発比率3%以上
6814,included_scored_expansion,古野電気株式会社,2026-05-18,127.00,詳細業種=重工/造船/航空|研究開発活動あり|研究開発費あり|研究開発比率3%以上
6999,included_scored_expansion,ＫＯＡ株式会社,2026-06-19,127.00,詳細業種=電力|研究開発活動あり|研究開発費あり|研究開発比率3%以上
130A,included_scored_expansion,株式会社Ｖｅｒｉｔａｓ Ｉｎ Ｓｉｌｉｃｏ,2026-03-23,126.00,詳細業種=バイオ/創薬|研究開発活動あり|研究開発費あり
1980,included_scored_expansion,ダイダン株式会社,2026-06-23,126.00,詳細業種=バイオ/創薬|研究開発活動あり|研究開発費あり
3132,included_scored_expansion,マクニカホールディングス株式会社,2026-06-23,126.00,詳細業種=半導体|研究開発活動あり|研究開発費あり
3741,included_scored_expansion,株式会社セック,2026-06-24,126.00,詳細業種=ソフトウェア|研究開発活動あり|研究開発費あり
4208,included_scored_expansion,ＵＢＥ株式会社,2026-06-18,126.00,詳細業種=化学|研究開発活動あり|研究開発費あり
4598,included_scored_expansion,ＤｅｌｔａーＦｌｙ Ｐｈａｒｍａ株式会社,2026-06-24,126.00,詳細業種=医薬品|研究開発活動あり|研究開発費あり
4889,included_scored_expansion,株式会社レナサイエンス,2026-06-23,126.00,詳細業種=バイオ/創薬|研究開発活動あり|研究開発費あり
5310,included_scored_expansion,東洋炭素株式会社,2026-03-25,126.00,詳細業種=半導体|研究開発活動あり|研究開発費あり
6748,included_scored_expansion,星和電機株式会社,2026-03-30,126.00,詳細業種=石油/資源|研究開発活動あり|研究開発費あり
7725,included_scored_expansion,株式会社インターアクション,2025-08-25,126.00,詳細業種=半導体|研究開発活動あり|研究開発費あり
7912,included_scored_expansion,大日本印刷株式会社,2026-06-23,126.00,詳細業種=半導体|研究開発活動あり|研究開発費あり
8088,included_scored_expansion,岩谷産業株式会社,2026-06-16,126.00,詳細業種=バイオ/創薬|研究開発活動あり|研究開発費あり
4911,included_scored_expansion,株式会社資生堂,2026-03-23,125.90,詳細業種=アパレル/化粧品|研究開発活動あり|研究開発費あり
4056,included_scored_expansion,ニューラルグループ株式会社,2026-03-30,125.50,詳細業種=広告/マーケティング|研究開発活動あり|研究開発費あり|研究開発比率3%以上
6090,included_scored_expansion,ヒューマン・メタボローム・テクノロジーズ株式会社,2025-09-22,125.38,詳細業種=バイオ/創薬|研究開発活動あり|研究開発費あり|研究開発比率3%以上
5332,included_scored_expansion,ＴＯＴＯ株式会社,2026-06-16,125.13,詳細業種=ガラス/セラミックス|研究開発活動あり|研究開発費あり|研究開発比率3%以上
2158,included_scored_expansion,株式会社ＦＲＯＮＴＥＯ,2026-06-23,125.00,詳細業種=バイオ/創薬|研究開発活動あり|研究開発費あり|研究開発比率3%以上
2503,included_scored_expansion,キリンホールディングス株式会社,2026-03-27,125.00,詳細業種=食品/飲料|研究開発活動あり|研究開発費あり|研究開発比率3%以上
2721,included_scored_expansion,株式会社ジェイホールディングス,2026-03-30,125.00,詳細業種=不動産/デベロッパー|研究開発活動あり|研究開発費あり|研究開発比率3%以上
3101,included_scored_expansion,東洋紡株式会社,2026-06-23,125.00,詳細業種=素材/材料|研究開発活動あり|研究開発費あり|研究開発比率3%以上
336A,included_scored_expansion,ダイナミックマッププラットフォーム株式会社,2026-06-24,125.00,詳細業種=自動車|研究開発活動あり|研究開発費あり|研究開発比率3%以上
3841,included_scored_expansion,株式会社ジーダット,2026-06-12,125.00,詳細業種=半導体|研究開発活動あり|研究開発費あり|研究開発比率3%以上
4521,included_scored_expansion,科研製薬株式会社,2026-06-25,125.00,詳細業種=医薬品|研究開発活動あり|研究開発費あり|研究開発比率3%以上
4539,included_scored_expansion,日本ケミファ株式会社,2026-06-15,125.00,詳細業種=医薬品|研究開発活動あり|研究開発費あり|研究開発比率3%以上
4576,included_scored_expansion,株式会社デ・ウエスタン・セラピテクス研究所,2026-03-23,125.00,詳細業種=医薬品|研究開発活動あり|研究開発費あり|研究開発比率3%以上
4583,included_scored_expansion,株式会社カイオム・バイオサイエンス,2026-03-27,125.00,詳細業種=バイオ/創薬|研究開発活動あり|研究開発費あり|研究開発比率3%以上
4595,included_scored_expansion,株式会社ミズホメディー,2026-03-26,125.00,詳細業種=医薬品|研究開発活動あり|研究開発費あり|研究開発比率3%以上
4596,included_scored_expansion,窪田製薬ホールディングス株式会社,2026-03-27,125.00,詳細業種=医薬品|研究開発活動あり|研究開発費あり|研究開発比率3%以上
4890,included_scored_expansion,株式会社坪田ラボ,2026-06-19,125.00,詳細業種=医薬品|研究開発活動あり|研究開発費あり|研究開発比率3%以上
4996,included_scored_expansion,クミアイ化学工業株式会社,2026-01-27,125.00,詳細業種=化学|研究開発活動あり|研究開発費あり|研究開発比率3%以上
5991,included_scored_expansion,日本発條株式会社,2026-06-17,125.00,詳細業種=半導体|研究開発活動あり|研究開発費あり|研究開発比率3%以上
6276,included_scored_expansion,シリウスビジョン株式会社,2026-03-25,125.00,詳細業種=クラウド/SaaS|研究開発活動あり|研究開発費あり|研究開発比率3%以上
6513,included_scored_expansion,株式会社オリジン,2026-06-25,125.00,詳細業種=半導体|研究開発活動あり|研究開発費あり|研究開発比率3%以上
6656,included_scored_expansion,インスペック株式会社,2025-07-23,125.00,詳細業種=半導体製造装置|研究開発活動あり|研究開発費あり|研究開発比率3%以上
6666,included_scored_expansion,リバーエレテック株式会社,2026-06-24,125.00,詳細業種=電子部品|研究開発活動あり|研究開発費あり|研究開発比率3%以上
6769,included_scored_expansion,ザインエレクトロニクス株式会社,2026-03-26,125.00,詳細業種=半導体|研究開発活動あり|研究開発費あり|研究開発比率3%以上
6787,included_scored_expansion,株式会社メイコー,2026-06-26,125.00,詳細業種=半導体|研究開発活動あり|研究開発費あり|研究開発比率3%以上
6832,included_scored_expansion,アオイ電子株式会社,2026-06-26,125.00,詳細業種=半導体|研究開発活動あり|研究開発費あり|研究開発比率3%以上
6848,included_scored_expansion,東亜ディーケーケー株式会社,2026-06-19,125.00,詳細業種=計測/制御|研究開発活動あり|研究開発費あり|研究開発比率3%以上
6858,included_scored_expansion,株式会社小野測器,2026-03-16,125.00,詳細業種=計測/制御|研究開発活動あり|研究開発費あり|研究開発比率3%以上
6870,included_scored_expansion,日本フェンオール株式会社,2026-03-30,125.00,詳細業種=半導体製造装置|研究開発活動あり|研究開発費あり|研究開発比率3%以上
6918,included_scored_expansion,株式会社アバールデータ,2026-06-24,125.00,詳細業種=計測/制御|研究開発活動あり|研究開発費あり|研究開発比率3%以上
6927,included_scored_expansion,ヘリオス テクノ ホールディング株式会社,2026-06-22,125.00,詳細業種=半導体|研究開発活動あり|研究開発費あり|研究開発比率3%以上
6998,included_scored_expansion,日本タングステン株式会社,2026-06-25,125.00,詳細業種=半導体|研究開発活動あり|研究開発費あり|研究開発比率3%以上
7240,included_scored_expansion,ＮＯＫ株式会社,2026-06-22,125.00,詳細業種=電子部品|研究開発活動あり|研究開発費あり
7715,included_scored_expansion,長野計器株式会社,2026-06-25,125.00,詳細業種=計測/制御|研究開発活動あり|研究開発費あり
7717,included_scored_expansion,株式会社ブイ・テクノロジー,2026-06-24,125.00,詳細業種=半導体|研究開発活動あり|研究開発費あり|研究開発比率3%以上
7734,included_scored_expansion,理研計器株式会社,2026-06-24,125.00,詳細業種=半導体|研究開発活動あり|研究開発費あり|研究開発比率3%以上
7774,included_scored_expansion,株式会社ジャパン・ティッシュエンジニアリング,2026-06-18,125.00,詳細業種=バイオ/創薬|研究開発活動あり|研究開発費あり|研究開発比率3%以上
7794,included_scored_expansion,株式会社イーディーピー,2026-06-24,125.00,詳細業種=半導体|研究開発活動あり|研究開発費あり|研究開発比率3%以上
7970,included_scored_expansion,信越ポリマー株式会社,2026-06-19,125.00,詳細業種=半導体|研究開発活動あり|研究開発費あり|研究開発比率3%以上
6976,included_scored_expansion,太陽誘電株式会社,2026-06-23,124.70,詳細業種=電子部品|研究開発活動あり|研究開発費あり|研究開発比率3%以上
5406,included_scored_expansion,株式会社 神戸製鋼所,2026-06-18,124.53,詳細業種=鉄鋼/非鉄|研究開発活動あり|研究開発費あり
9509,included_scored_expansion,北海道電力株式会社,2026-06-23,124.26,詳細業種=電力|研究開発活動あり|研究開発費あり
9506,included_scored_expansion,東北電力株式会社,2026-06-23,124.20,詳細業種=電力|研究開発活動あり|研究開発費あり
4471,included_scored_expansion,三洋化成工業株式会社,2026-06-16,124.00,詳細業種=電子部品|研究開発活動あり|研究開発費あり|研究開発比率3%以上
5208,included_scored_expansion,株式会社有沢製作所,2026-06-17,124.00,詳細業種=素材/材料|研究開発活動あり|研究開発費あり|研究開発比率3%以上
6326,included_scored_expansion,株式会社 クボタ,2026-03-16,124.00,詳細業種=機械|研究開発活動あり|研究開発費あり|研究開発比率3%以上
6361,included_scored_expansion,株式会社荏原製作所,2026-03-23,124.00,詳細業種=プラント/エンジニアリング|研究開発活動あり|研究開発費あり
6850,included_scored_expansion,株式会社チノー,2026-06-25,124.00,詳細業種=計測/制御|研究開発活動あり|研究開発費あり|研究開発比率3%以上
6989,included_scored_expansion,北陸電気工業株式会社,2026-06-25,124.00,詳細業種=電子部品|研究開発活動あり|研究開発費あり|研究開発比率3%以上
8020,included_scored_expansion,兼松株式会社,2026-06-22,124.00,詳細業種=重工/造船/航空|研究開発活動あり|研究開発費あり
1801,included_scored_expansion,大成建設株式会社,2026-06-16,123.63,詳細業種=建設|研究開発活動あり|研究開発費あり
8473,included_scored_expansion,ＳＢＩホールディングス株式会社,2026-06-25,123.33,詳細業種=バイオ/創薬|研究開発活動あり|研究開発費あり
7762,included_scored_expansion,シチズン時計株式会社,2026-06-23,123.29,詳細業種=産業機器|研究開発活動あり|研究開発費あり
2801,included_scored_expansion,キッコーマン株式会社,2026-06-19,123.19,詳細業種=食品/飲料|研究開発活動あり|研究開発費あり
190A,included_scored_expansion,Ｃｈｏｒｄｉａ Ｔｈｅｒａｐｅｕｔｉｃｓ株式会社,2025-11-21,123.00,詳細業種=バイオ/創薬|研究開発活動あり|研究開発費あり
2760,included_scored_expansion,東京エレクトロンデバイス株式会社,2026-06-16,123.00,詳細業種=半導体|研究開発活動あり|研究開発費あり
290A,included_scored_expansion,株式会社Ｓｙｎｓｐｅｃｔｉｖｅ,2026-03-26,123.00,詳細業種=重工/造船/航空|研究開発活動あり|研究開発費あり|研究開発比率3%以上
3433,included_scored_expansion,トーカロ株式会社,2026-06-22,123.00,詳細業種=半導体|研究開発活動あり|研究開発費あり
3445,included_scored_expansion,株式会社ＲＳ Ｔｅｃｈｎｏｌｏｇｉｅｓ,2026-03-26,123.00,詳細業種=コンサル|研究開発活動あり|研究開発費あり
3565,included_scored_expansion,アセンテック株式会社,2026-04-27,123.00,詳細業種=クラウド/SaaS|研究開発活動あり|研究開発費あり
4008,included_scored_expansion,住友精化株式会社,2026-06-26,123.00,詳細業種=化学|研究開発活動あり|研究開発費あり
4116,included_scored_expansion,大日精化工業株式会社,2026-06-25,123.00,詳細業種=化学|研究開発活動あり|研究開発費あり
4189,included_scored_expansion,ＫＨネオケム株式会社,2026-03-25,123.00,詳細業種=化学|研究開発活動あり|研究開発費あり
4202,included_scored_expansion,株式会社ダイセル,2026-06-17,123.00,詳細業種=素材/材料|研究開発活動あり|研究開発費あり|研究開発比率3%以上
4599,included_scored_expansion,株式会社ステムリム,2025-10-21,123.00,詳細業種=医薬品|研究開発活動あり|研究開発費あり
4891,included_scored_expansion,㈱ティムス,2026-03-30,123.00,詳細業種=医薬品|研究開発活動あり|研究開発費あり
4893,included_scored_expansion,ノイルイミューン・バイオテック株式会社,2026-03-23,123.00,詳細業種=バイオ/創薬|研究開発活動あり|研究開発費あり
4973,included_scored_expansion,日本高純度化学株式会社,2026-06-17,123.00,詳細業種=電子部品|研究開発活動あり|研究開発費あり
504A,included_scored_expansion,イノバセル株式会社,2026-03-26,123.00,詳細業種=医薬品|研究開発活動あり|研究開発費あり
5331,included_scored_expansion,ノリタケ株式会社,2026-06-22,123.00,詳細業種=半導体|研究開発活動あり|研究開発費あり
5857,included_scored_expansion,ＡＲＥホールディングス株式会社,2026-06-15,123.00,詳細業種=半導体|研究開発活動あり|研究開発費あり
6227,included_scored_expansion,ＡＩメカテック株式会社,2025-09-25,123.00,詳細業種=半導体|研究開発活動あり|研究開発費あり
6258,included_scored_expansion,平田機工株式会社,2026-06-23,123.00,詳細業種=半導体|研究開発活動あり|研究開発費あり
6317,included_scored_expansion,株式会社北川鉄工所,2026-06-25,123.00,詳細業種=半導体|研究開発活動あり|研究開発費あり
6339,included_scored_expansion,新東工業株式会社,2026-06-19,123.00,詳細業種=ガラス/セラミックス|研究開発活動あり|研究開発費あり
6340,included_scored_expansion,澁谷工業株式会社,2025-09-24,123.00,詳細業種=プラント/エンジニアリング|研究開発活動あり|研究開発費あり
6516,included_scored_expansion,山洋電気株式会社,2026-06-17,123.00,詳細業種=機械|研究開発活動あり|研究開発費あり|研究開発比率3%以上
6523,included_scored_expansion,ＰＨＣホールディングス株式会社,2026-06-23,123.00,詳細業種=バイオ/創薬|研究開発活動あり|研究開発費あり
6663,included_scored_expansion,太洋テクノレックス株式会社,2026-03-17,123.00,詳細業種=電子部品|研究開発活動あり|研究開発費あり
6859,included_scored_expansion,エスペック株式会社,2026-06-23,123.00,詳細業種=半導体|研究開発活動あり|研究開発費あり
7409,included_scored_expansion,ＡｅｒｏＥｄｇｅ株式会社,2025-09-25,123.00,詳細業種=重工/造船/航空|研究開発活動あり|研究開発費あり|研究開発比率3%以上
7525,included_scored_expansion,リックス株式会社,2026-06-23,123.00,詳細業種=計測/制御|研究開発活動あり|研究開発費あり
7746,included_scored_expansion,岡本硝子株式会社,2026-06-26,123.00,詳細業種=ガラス/セラミックス|研究開発活動あり|研究開発費あり
7917,included_scored_expansion,ＺＡＣＲＯＳ株式会社,2026-06-17,123.00,詳細業種=素材/材料|研究開発活動あり|研究開発費あり
2267,included_scored_expansion,株式会社ヤクルト本社,2026-06-19,122.61,詳細業種=食品/飲料|研究開発活動あり|研究開発費あり
6166,included_scored_expansion,株式会社中村超硬,2026-06-29,122.43,詳細業種=電子部品|研究開発活動あり|研究開発費あり|研究開発比率3%以上
2370,included_scored_expansion,株式会社メディネット,2025-12-17,122.00,詳細業種=バイオ/創薬|研究開発活動あり|研究開発費あり|研究開発比率3%以上
3444,included_scored_expansion,株式会社菊池製作所,2025-07-23,122.00,詳細業種=光学/精密機器|研究開発活動あり|研究開発費あり|研究開発比率3%以上
3750,included_scored_expansion,株式会社ＡＤＲ１２０Ｓ,2026-06-26,122.00,詳細業種=保険|研究開発活動あり|研究開発費あり|研究開発比率3%以上
4187,included_scored_expansion,大阪有機化学工業株式会社,2026-02-24,122.00,詳細業種=化学|研究開発活動あり|研究開発費あり|研究開発比率3%以上
4251,included_scored_expansion,恵和株式会社,2026-03-23,122.00,詳細業種=光学/精密機器|研究開発活動あり|研究開発費あり|研究開発比率3%以上
4360,included_scored_expansion,株式会社マナック・ケミカル・パートナーズ,2026-06-26,122.00,詳細業種=化学|研究開発活動あり|研究開発費あり|研究開発比率3%以上
4366,included_scored_expansion,ダイトーケミックス株式会社,2026-06-24,122.00,詳細業種=化学|研究開発活動あり|研究開発費あり|研究開発比率3%以上
4440,included_scored_expansion,株式会社ヴィッツ,2025-11-26,122.00,詳細業種=コンサル|研究開発活動あり|研究開発費あり
4462,included_scored_expansion,石原ケミカル株式会社,2026-06-24,122.00,詳細業種=電子部品|研究開発活動あり|研究開発費あり|研究開発比率3%以上
4463,included_scored_expansion,日華化学株式会社,2026-03-25,122.00,詳細業種=アパレル/化粧品|研究開発活動あり|研究開発費あり|研究開発比率3%以上
4552,included_scored_expansion,ＪＣＲファーマ株式会社,2026-06-23,122.00,詳細業種=医薬品|研究開発活動あり|研究開発費あり|研究開発比率3%以上
4569,included_scored_expansion,杏林製薬株式会社,2026-06-18,122.00,詳細業種=医薬品|研究開発活動あり|研究開発費あり|研究開発比率3%以上
4979,included_scored_expansion,ＯＡＴアグリオ株式会社,2026-03-24,122.00,詳細業種=バイオ/創薬|研究開発活動あり|研究開発費あり|研究開発比率3%以上
5195,included_scored_expansion,バンドー化学株式会社,2026-06-22,122.00,詳細業種=自動車部品|研究開発活動あり|研究開発費あり|研究開発比率3%以上
6140,included_scored_expansion,旭ダイヤモンド工業株式会社,2026-06-25,122.00,詳細業種=半導体|研究開発活動あり|研究開発費あり|研究開発比率3%以上
6268,included_scored_expansion,ナブテスコ株式会社,2026-03-25,122.00,詳細業種=鉄道/輸送機器|研究開発活動あり|研究開発費あり|研究開発比率3%以上
6337,included_scored_expansion,株式会社テセック,2026-06-23,122.00,詳細業種=半導体|研究開発活動あり|研究開発費あり|研究開発比率3%以上
6730,included_scored_expansion,株式会社アクセル,2026-06-16,122.00,詳細業種=半導体|研究開発活動あり|研究開発費あり|研究開発比率3%以上
6777,included_scored_expansion,ｓａｎｔｅｃ Ｈｏｌｄｉｎｇｓ株式会社,2026-06-23,122.00,詳細業種=計測/制御|研究開発活動あり|研究開発費あり|研究開発比率3%以上
6855,included_scored_expansion,日本電子材料株式会社,2026-06-24,122.00,詳細業種=半導体|研究開発活動あり|研究開発費あり|研究開発比率3%以上
6863,included_scored_expansion,株式会社ニレコ,2026-06-22,122.00,詳細業種=計測/制御|研究開発活動あり|研究開発費あり|研究開発比率3%以上
6898,included_scored_expansion,トミタ電機株式会社,2026-04-24,122.00,詳細業種=電子部品|研究開発活動あり|研究開発費あり
6907,included_scored_expansion,ジオマテック株式会社,2026-06-25,122.00,詳細業種=半導体|研究開発活動あり|研究開発費あり|研究開発比率3%以上
6958,included_scored_expansion,日本シイエムケイ株式会社,2026-06-23,122.00,詳細業種=重工/造船/航空|研究開発活動あり|研究開発費あり
7776,included_scored_expansion,株式会社セルシード,2026-03-26,122.00,詳細業種=バイオ/創薬|研究開発活動あり|研究開発費あり|研究開発比率3%以上
7779,included_scored_expansion,ＣＹＢＥＲＤＹＮＥ株式会社,2026-06-23,122.00,詳細業種=医療/介護|研究開発活動あり|研究開発費あり|研究開発比率3%以上
7902,included_scored_expansion,株式会社ソノコム,2026-06-24,122.00,詳細業種=電子部品|研究開発活動あり|研究開発費あり|研究開発比率3%以上
7963,included_scored_expansion,興研株式会社,2026-03-25,122.00,詳細業種=半導体|研究開発活動あり|研究開発費あり|研究開発比率3%以上
9212,included_scored_expansion,Ｇｒｅｅｎ Ｅａｒｔｈ Ｉｎｓｔｉｔｕｔｅ株式会社,2025-12-23,122.00,詳細業種=バイオ/創薬|研究開発活動あり|研究開発費あり|研究開発比率3%以上
9880,included_scored_expansion,イノテック株式会社,2026-06-24,122.00,詳細業種=半導体|研究開発活動あり|研究開発費あり|研究開発比率3%以上
7096,included_scored_expansion,株式会社ステムセル研究所,2026-06-23,121.13,詳細業種=バイオ/創薬|研究開発活動あり|研究開発費あり
8001,included_scored_expansion,伊藤忠商事株式会社,2026-06-12,121.00,詳細業種=鉄鋼/非鉄|研究開発活動あり
6727,included_scored_expansion,株式会社ワコム,2026-06-24,121.00,詳細業種=教育|研究開発活動あり|研究開発費あり|研究開発比率3%以上
6977,included_scored_expansion,株式会社日本抵抗器製作所,2026-03-27,121.00,詳細業種=自動車|研究開発活動あり|研究開発費あり|研究開発比率3%以上
6986,included_scored_expansion,双葉電子工業株式会社,2026-06-25,121.00,詳細業種=電子部品|研究開発活動あり|研究開発費あり|研究開発比率3%以上
7727,included_scored_expansion,株式会社オーバル,2026-06-19,121.00,詳細業種=計測/制御|研究開発活動あり|研究開発費あり|研究開発比率3%以上
4880,included_scored_expansion,セルソース株式会社,2026-01-28,121.00,詳細業種=アパレル/化粧品|研究開発活動あり|研究開発費あり
6614,included_scored_expansion,株式会社シキノハイテック,2026-06-23,120.51,詳細業種=半導体|研究開発活動あり|研究開発費あり
3110,included_scored_expansion,日東紡績株式会社,2026-06-18,120.40,詳細業種=素材/材料|研究開発活動あり|研究開発費あり
167A,included_scored_expansion,リョーサン菱洋ホールディングス株式会社,2026-06-24,120.00,詳細業種=半導体|研究開発活動あり|研究開発費あり
2136,included_scored_expansion,株式会社ヒップ,2026-06-19,120.00,詳細業種=人材/アウトソーシング|研究開発活動あり
2264,included_scored_expansion,森永乳業株式会社,2026-06-24,120.00,詳細業種=食品/飲料|研究開発活動あり|研究開発費あり
2342,included_scored_expansion,株式会社トランスジェニックグループ,2026-06-17,120.00,詳細業種=バイオ/創薬|研究開発活動あり|研究開発費あり
2531,included_scored_expansion,宝ホールディングス株式会社,2026-06-25,120.00,詳細業種=バイオ/創薬|研究開発活動あり|研究開発費あり
2931,included_scored_expansion,株式会社ユーグレナ,2026-03-23,120.00,詳細業種=バイオ/創薬|研究開発活動あり|研究開発費あり
3176,included_scored_expansion,三洋貿易株式会社,2025-12-17,120.00,詳細業種=化学|研究開発活動あり|研究開発費あり
3386,included_scored_expansion,コスモ・バイオ株式会社,2026-03-18,120.00,詳細業種=バイオ/創薬|研究開発活動あり|研究開発費あり
368A,included_scored_expansion,株式会社北里コーポレーション,2025-06-30,120.00,詳細業種=バイオ/創薬|研究開発活動あり|研究開発費あり
3918,included_scored_expansion,ＰＣＩホールディングス株式会社,2026-06-19,120.00,詳細業種=半導体|研究開発活動あり|研究開発費あり
4109,included_scored_expansion,ステラケミファ株式会社,2026-06-18,120.00,詳細業種=半導体|研究開発活動あり|研究開発費あり
429A,included_scored_expansion,テクセンドフォトマスク株式会社,2026-06-24,120.00,詳細業種=半導体|研究開発活動あり|研究開発費あり
4392,included_scored_expansion,ＦＩＧ株式会社,2026-03-27,120.00,詳細業種=産業機器|研究開発活動あり|研究開発費あり
4406,included_scored_expansion,新日本理化株式会社,2026-06-23,120.00,詳細業種=化学|研究開発活動あり|研究開発費あり
