company_id,company_name,ticker,aliases,subsidiaries,market_cap_jpy,target,technology_tags
JP130A,株式会社Ｖｅｒｉｔａｓ Ｉｎ Ｓｉｌｉｃｏ,130A,,,0,1,バイオ・創薬|光学・量子・精密
JP1333,Ｕｍｉｏｓ株式会社,1333,,,197672000000,1,AI・ソフトウェア|バイオ・創薬
JP1407,株式会社ウエストホールディングス,1407,,,0,1,脱炭素・次世代エネルギー
JP1605,株式会社ＩＮＰＥＸ,1605,,,3767819000000,1,脱炭素・次世代エネルギー
JP167A,リョーサン菱洋ホールディングス株式会社,167A,,,0,1,サイバーセキュリティ|半導体・製造装置
JP177A,コージンバイオ株式会社,177A,,,4437000000,1,バイオ・創薬|脱炭素・次世代エネルギー
JP1801,大成建設株式会社,1801,,,2388084000000,1,半導体・製造装置|自動運転・次世代モビリティ|計測・制御
JP186A,株式会社アストロスケールホールディングス,186A,,,168562000000,1,宇宙・防衛
JP190A,Ｃｈｏｒｄｉａ Ｔｈｅｒａｐｅｕｔｉｃｓ株式会社,190A,,,0,1,バイオ・創薬|医療機器
JP1963,日揮ホールディングス株式会社,1963,,,0,1,AI・ソフトウェア|サイバーセキュリティ|ロボティクス・FA|光学・量子・精密|半導体・製造装置|宇宙・防衛|脱炭素・次世代エネルギー|自動運転・次世代モビリティ|電池・先端材料
JP1980,ダイダン株式会社,1980,,,0,1,AI・ソフトウェア|バイオ・創薬|半導体・製造装置
JP206A,株式会社ＰＲＩＳＭ ＢｉｏＬａｂ,206A,,,0,1,AI・ソフトウェア|バイオ・創薬
JP2136,株式会社ヒップ,2136,,,0,1,ロボティクス・FA|医療機器|半導体・製造装置|自動運転・次世代モビリティ
JP2158,株式会社ＦＲＯＮＴＥＯ,2158,,,0,1,バイオ・創薬|医療機器
JP2160,株式会社ジーエヌアイグループ,2160,,,0,1,バイオ・創薬
JP219A,Ｈｅａｒｔｓｅｅｄ株式会社,219A,,,0,1,バイオ・創薬
JP2264,森永乳業株式会社,2264,,,0,1,バイオ・創薬|ロボティクス・FA
JP2267,株式会社ヤクルト本社,2267,,,821716000000,1,バイオ・創薬
JP2326,デジタルアーツ株式会社,2326,,,0,1,AI・ソフトウェア|サイバーセキュリティ
JP2342,株式会社トランスジェニックグループ,2342,,,0,1,バイオ・創薬
JP2370,株式会社メディネット,2370,,,0,1,バイオ・創薬
JP2395,株式会社新日本科学,2395,,,0,1,バイオ・創薬
JP2503,キリンホールディングス株式会社,2503,,,0,1,バイオ・創薬
JP2531,宝ホールディングス株式会社,2531,,,0,1,バイオ・創薬
JP255A,ジーエルテクノホールディングス株式会社,255A,,,82727000000,1,サイバーセキュリティ|光学・量子・精密|半導体・製造装置
JP268A,リガク・ホールディングス株式会社,268A,,,0,1,AI・ソフトウェア|ロボティクス・FA|光学・量子・精密|半導体・製造装置|電池・先端材料
JP2721,株式会社ジェイホールディングス,2721,,,0,1,バイオ・創薬|電池・先端材料
JP2760,東京エレクトロンデバイス株式会社,2760,,,0,1,サイバーセキュリティ|光学・量子・精密|半導体・製造装置
JP2801,キッコーマン株式会社,2801,,,1511647000000,1,バイオ・創薬
JP2802,味の素株式会社,2802,,,5894818000000,1,AI・ソフトウェア|バイオ・創薬|半導体・製造装置|自動運転・次世代モビリティ
JP285A,キオクシアホールディングス株式会社,285A,,,0,1,AI・ソフトウェア|半導体・製造装置
JP290A,株式会社Ｓｙｎｓｐｅｃｔｉｖｅ,290A,,,0,1,光学・量子・精密|宇宙・防衛|宇宙・防衛・重工
JP2931,株式会社ユーグレナ,2931,,,0,1,バイオ・創薬|脱炭素・次世代エネルギー
JP2962,株式会社テクニスコ,2962,,,0,1,医療機器|半導体・製造装置|宇宙・防衛|脱炭素・次世代エネルギー|自動運転・次世代モビリティ|電子部品
JP3040,株式会社ソリトンシステムズ,3040,,,0,1,サイバーセキュリティ
JP3101,東洋紡株式会社,3101,,,0,1,バイオ・創薬|医療機器|半導体・製造装置
JP3105,日清紡ホールディングス株式会社,3105,,,0,1,サイバーセキュリティ|光学・量子・精密|半導体・製造装置|宇宙・防衛|脱炭素・次世代エネルギー|電池・先端材料
JP3106,倉敷紡績株式会社,3106,,,0,1,バイオ・創薬|ロボティクス・FA|医療機器|半導体・製造装置|電池・先端材料
JP3110,日東紡績株式会社,3110,,,659843000000,1,バイオ・創薬
JP3116,トヨタ紡織株式会社,3116,,,0,1,自動運転・次世代モビリティ
JP3132,マクニカホールディングス株式会社,3132,,,0,1,サイバーセキュリティ|半導体・製造装置|自動運転・次世代モビリティ
JP3176,三洋貿易株式会社,3176,,,0,1,医療機器|半導体・製造装置
JP336A,ダイナミックマッププラットフォーム株式会社,336A,,,0,1,ロボティクス・FA|半導体・製造装置|宇宙・防衛|自動運転・次世代モビリティ|計測・制御
JP3386,コスモ・バイオ株式会社,3386,,,0,1,バイオ・創薬
JP3401,帝人株式会社,3401,,,331526000000,1,電池・先端材料
JP3402,東レ株式会社,3402,TORAY INDUSTRIES INC|TORAY INDUSTRIES INCORPORATED|TORAY IND INC|도레이 카부시키가이샤,DOW TORAY CO LTD|ダウ・東レ株式会社,1710184000000,1,電池・先端材料
JP3405,株式会社クラレ,3405,,,520339999999,1,電池・先端材料
JP3407,旭化成株式会社,3407,ASAHI KASEI CORPORATION,,2499712000000,1,電池・先端材料
JP3433,トーカロ株式会社,3433,,,0,1,半導体・製造装置|脱炭素・次世代エネルギー|電池・先端材料
JP3436,株式会社ＳＵＭＣＯ,3436,,,1781439000000,1,半導体・製造装置
JP3444,株式会社菊池製作所,3444,,,0,1,ロボティクス・FA|光学・量子・精密|医療機器|半導体・製造装置
JP3445,株式会社ＲＳ Ｔｅｃｈｎｏｌｏｇｉｅｓ,3445,,,0,1,光学・量子・精密|半導体・製造装置|電池・先端材料
JP3446,株式会社ジェイテックコーポレーション,3446,,,0,1,バイオ・創薬|光学・量子・精密|医療機器|半導体・製造装置|宇宙・防衛|脱炭素・次世代エネルギー|電池・先端材料
JP3565,アセンテック株式会社,3565,,,0,1,サイバーセキュリティ|半導体・製造装置
JP3652,株式会社ディジタルメディアプロフェッショナル,3652,,,0,1,AI・ソフトウェア|ロボティクス・FA|半導体・製造装置|宇宙・防衛
JP3655,株式会社ブレインパッド,3655,,,0,1,AI・ソフトウェア
JP3687,株式会社フィックスターズ,3687,,,0,1,光学・量子・精密|半導体・製造装置|自動運転・次世代モビリティ
JP368A,株式会社北里コーポレーション,368A,,,0,1,バイオ・創薬|医療機器
JP3692,株式会社ＦＦＲＩセキュリティ,3692,,,0,1,AI・ソフトウェア|サイバーセキュリティ
JP3741,株式会社セック,3741,,,0,1,ロボティクス・FA|光学・量子・精密|宇宙・防衛|自動運転・次世代モビリティ|計測・制御
JP3750,株式会社ＡＤＲ１２０Ｓ,3750,,,0,1,バイオ・創薬|医療機器
JP3774,株式会社インターネットイニシアティブ,3774,,,0,1,AI・ソフトウェア|次世代通信
JP3778,さくらインターネット株式会社,3778,,,112708999999,1,AI・ソフトウェア
JP3787,株式会社テクノマセマティカル,3787,,,0,1,AI・ソフトウェア|サイバーセキュリティ|半導体・製造装置|自動運転・次世代モビリティ|電池・先端材料
JP3841,株式会社ジーダット,3841,,,0,1,AI・ソフトウェア|半導体・製造装置
JP3861,王子ホールディングス株式会社,3861,,,0,1,バイオ・創薬|ロボティクス・FA|医療機器|半導体・製造装置|電池・先端材料
JP3878,株式会社巴川コーポレーション,3878,,,0,1,サイバーセキュリティ|光学・量子・精密|半導体・製造装置
JP3905,データセクション株式会社,3905,,,0,1,AI・ソフトウェア
JP3914,ＪＩＧ－ＳＡＷ株式会社,3914,,,0,1,AI・ソフトウェア
JP3918,ＰＣＩホールディングス株式会社,3918,,,0,1,ロボティクス・FA|半導体・製造装置
JP3993,株式会社ＰＫＳＨＡ Ｔｅｃｈｎｏｌｏｇｙ,3993,,,86161000000,1,AI・ソフトウェア
JP4004,株式会社レゾナック・ホールディングス,4004,,株式会社レゾナック|レゾナック株式会社,0,1,電池・先端材料
JP4005,住友化学株式会社,4005,SUMITOMO CHEMICAL CO LTD,,914882000000,1,電池・先端材料
JP4008,住友精化株式会社,4008,,,0,1,半導体・製造装置|脱炭素・次世代エネルギー|電池・先端材料
JP4021,日産化学株式会社,4021,,,0,1,電池・先端材料
JP4028,石原産業株式会社,4028,,,0,1,AI・ソフトウェア|バイオ・創薬|光学・量子・精密|医療機器|自動運転・次世代モビリティ
JP4042,東ソー株式会社,4042,,,0,1,電池・先端材料
JP4043,株式会社トクヤマ,4043,,,0,1,電池・先端材料
JP4045,東亞合成株式会社,4045,,,0,1,AI・ソフトウェア|半導体・製造装置|脱炭素・次世代エネルギー|電池・先端材料
JP4047,関東電化工業株式会社,4047,,,0,1,光学・量子・精密|半導体・製造装置|電池・先端材料
JP4055,ティアンドエスグループ株式会社,4055,,,0,1,AI・ソフトウェア
JP4056,ニューラルグループ株式会社,4056,,,3799000000,1,AI・ソフトウェア|サイバーセキュリティ|光学・量子・精密
JP4061,デンカ株式会社,4061,,,0,1,電池・先端材料
JP4062,イビデン株式会社,4062,,,0,1,半導体・製造装置
JP4063,信越化学工業株式会社,4063,SHIN-ETSU CHEMICAL CO LTD,,12938741000000,1,半導体・製造装置
JP4078,堺化学工業株式会社,4078,,,69130000000,1,AI・ソフトウェア|バイオ・創薬|光学・量子・精密|医療機器|脱炭素・次世代エネルギー
JP4082,第一稀元素化学工業株式会社,4082,,,0,1,光学・量子・精密|医療機器|半導体・製造装置|脱炭素・次世代エネルギー|電池・先端材料
JP4091,日本酸素ホールディングス株式会社,4091,,,0,1,電池・先端材料
JP4100,戸田工業株式会社,4100,,,0,1,光学・量子・精密|半導体・製造装置|脱炭素・次世代エネルギー|電子部品|電池・先端材料
JP4107,伊勢化学工業株式会社,4107,,,0,1,脱炭素・次世代エネルギー|電池・先端材料
JP4109,ステラケミファ株式会社,4109,,,0,1,半導体・製造装置|電池・先端材料
JP4114,株式会社日本触媒,4114,,,0,1,電池・先端材料
JP4116,大日精化工業株式会社,4116,,,0,1,バイオ・創薬|半導体・製造装置|自動運転・次世代モビリティ|電池・先端材料
JP4151,協和キリン株式会社,4151,,,0,1,バイオ・創薬
JP4171,株式会社グローバルインフォメーション,4171,,,4927000000,1,AI・ソフトウェア|サイバーセキュリティ|バイオ・創薬|光学・量子・精密|医療機器|半導体・製造装置|宇宙・防衛|自動運転・次世代モビリティ
JP4180,Ａｐｐｉｅｒ Ｇｒｏｕｐ株式会社,4180,,,0,1,AI・ソフトウェア
JP4182,三菱瓦斯化学株式会社,4182,,,0,1,バイオ・創薬|光学・量子・精密|半導体・製造装置|脱炭素・次世代エネルギー|自動運転・次世代モビリティ|電池・先端材料
JP4183,三井化学株式会社,4183,MITSUI CHEMICALS INC,,803193000000,1,電池・先端材料
JP4186,東京応化工業株式会社,4186,,,0,1,半導体・製造装置
JP4187,大阪有機化学工業株式会社,4187,,,0,1,半導体・製造装置
JP4188,三菱ケミカルグループ株式会社,4188,,三菱ケミカル株式会社,1579991000000,1,電池・先端材料
JP4189,ＫＨネオケム株式会社,4189,,,0,1,バイオ・創薬|半導体・製造装置|脱炭素・次世代エネルギー
JP4202,株式会社ダイセル,4202,,,0,1,AI・ソフトウェア|バイオ・創薬|光学・量子・精密|化学・先端材料|医療機器|半導体・製造装置|電池・先端材料
JP4203,住友ベークライト株式会社,4203,,,0,1,電池・先端材料
JP4204,積水化学工業株式会社,4204,,,0,1,電池・先端材料
JP4208,ＵＢＥ株式会社,4208,,,0,1,バイオ・創薬|光学・量子・精密|脱炭素・次世代エネルギー|電池・先端材料
JP4251,恵和株式会社,4251,,,0,1,光学・量子・精密|脱炭素・次世代エネルギー|電池・先端材料
JP4259,株式会社エクサウィザーズ,4259,,,0,1,AI・ソフトウェア
JP4263,サスメド株式会社,4263,,,14181000000,1,AI・ソフトウェア|バイオ・創薬|ロボティクス・FA|医療機器
JP4272,日本化薬株式会社,4272,,,0,1,電池・先端材料
JP4288,株式会社アズジェント,4288,,,0,1,サイバーセキュリティ
JP429A,テクセンドフォトマスク株式会社,429A,,,0,1,光学・量子・精密|半導体・製造装置
JP4360,株式会社マナック・ケミカル・パートナーズ,4360,,,0,1,半導体・製造装置
JP4366,ダイトーケミックス株式会社,4366,,,0,1,半導体・製造装置
JP4368,扶桑化学工業株式会社,4368,,,0,1,電池・先端材料
JP4369,株式会社 トリケミカル研究所,4369,,,0,1,半導体・製造装置
JP4382,ＨＥＲＯＺ株式会社,4382,,,10904000000,1,AI・ソフトウェア
JP4392,ＦＩＧ株式会社,4392,,,0,1,ロボティクス・FA|半導体・製造装置
JP4401,株式会社ＡＤＥＫＡ,4401,,,0,1,電池・先端材料
JP4403,日油株式会社,4403,,,0,1,電池・先端材料
JP4406,新日本理化株式会社,4406,,,0,1,AI・ソフトウェア|光学・量子・精密|半導体・製造装置|脱炭素・次世代エネルギー
JP4413,株式会社ボードルア,4413,,,0,1,AI・ソフトウェア
JP4440,株式会社ヴィッツ,4440,,,0,1,AI・ソフトウェア|サイバーセキュリティ|ロボティクス・FA|半導体・製造装置|機械・製造技術|自動運転・次世代モビリティ
JP4443,Ｓａｎｓａｎ株式会社,4443,,,0,1,AI・ソフトウェア
JP4462,石原ケミカル株式会社,4462,,,0,1,半導体・製造装置
JP4463,日華化学株式会社,4463,,,0,1,半導体・製造装置
JP4471,三洋化成工業株式会社,4471,,,0,1,光学・量子・精密|半導体・製造装置|宇宙・防衛|電子部品
JP4475,ＨＥＮＮＧＥ株式会社,4475,,,38903000000,1,AI・ソフトウェア
JP4493,株式会社サイバーセキュリティクラウド,4493,,,18490000000,1,サイバーセキュリティ
JP4502,武田薬品工業株式会社,4502,TAKEDA PHARMACEUTICAL COMPANY LIMITED,,8466547000000,1,バイオ・創薬
JP4503,アステラス製薬株式会社,4503,ASTELLAS PHARMA INC,,0,1,バイオ・創薬
JP4506,住友ファーマ株式会社,4506,,,0,1,バイオ・創薬
JP4507,塩野義製薬株式会社,4507,SHIONOGI AND CO LTD,,0,1,バイオ・創薬
JP4519,中外製薬株式会社,4519,CHUGAI PHARMACEUTICAL CO LTD,,0,1,バイオ・創薬
JP4521,科研製薬株式会社,4521,,,0,1,バイオ・創薬|医療機器
JP4523,エーザイ株式会社,4523,EISAI CO LTD,,1200914000000,1,バイオ・創薬
JP4527,ロート製薬株式会社,4527,,,0,1,バイオ・創薬
JP4528,小野薬品工業株式会社,4528,,,0,1,バイオ・創薬
JP4534,持田製薬株式会社,4534,,,0,1,バイオ・創薬|医療機器
JP4536,参天製薬株式会社,4536,,,710768000000,1,バイオ・創薬
JP4539,日本ケミファ株式会社,4539,,,0,1,バイオ・創薬
JP4543,テルモ株式会社,4543,TERUMO CORPORATION,,0,1,バイオ・創薬|医療機器
JP4552,ＪＣＲファーマ株式会社,4552,,,0,1,バイオ・創薬
JP4564,オンコセラピー・サイエンス株式会社,4564,,,0,1,AI・ソフトウェア|サイバーセキュリティ|バイオ・創薬|医療機器|宇宙・防衛
JP4565,ネクセラファーマ株式会社,4565,,,88979000000,1,バイオ・創薬
JP4568,第一三共株式会社,4568,DAIICHI SANKYO COMPANY LIMITED,,4821171000000,1,バイオ・創薬
JP4569,杏林製薬株式会社,4569,,,0,1,バイオ・創薬
JP4570,株式会社免疫生物研究所,4570,,,0,1,バイオ・創薬|医療機器
JP4571,ＮＡＮＯホールディングス株式会社,4571,,,0,1,バイオ・創薬
JP4572,カルナバイオサイエンス株式会社,4572,,,0,1,サイバーセキュリティ|バイオ・創薬
JP4576,株式会社デ・ウエスタン・セラピテクス研究所,4576,,,0,1,バイオ・創薬
JP4578,大塚ホールディングス株式会社,4578,,大塚製薬株式会社,0,1,バイオ・創薬
JP4582,シンバイオ製薬株式会社,4582,,,0,1,バイオ・創薬|宇宙・防衛
JP4583,株式会社カイオム・バイオサイエンス,4583,,,0,1,バイオ・創薬
JP4584,キッズウェル・バイオ株式会社,4584,,,0,1,バイオ・創薬|医療機器
JP4586,株式会社メドレックス,4586,,,0,1,バイオ・創薬|電池・先端材料
JP4587,ペプチドリーム株式会社,4587,PEPTIDREAM INC,,0,1,バイオ・創薬
JP4588,オンコリスバイオファーマ株式会社,4588,,,0,1,バイオ・創薬|医療機器
JP4591,株式会社リボミック,4591,,,0,1,AI・ソフトウェア|バイオ・創薬|光学・量子・精密|医療機器|脱炭素・次世代エネルギー
JP4592,サンバイオ株式会社,4592,,,0,1,バイオ・創薬
JP4593,株式会社ヘリオス,4593,,,0,1,バイオ・創薬
JP4594,ブライトパス・バイオ株式会社,4594,,,0,1,バイオ・創薬
JP4595,株式会社ミズホメディー,4595,,,0,1,バイオ・創薬|医療機器
JP4596,窪田製薬ホールディングス株式会社,4596,,,0,1,バイオ・創薬|医療機器
JP4597,ソレイジア・ファーマ株式会社,4597,,,0,1,バイオ・創薬|医療機器
JP4598,ＤｅｌｔａーＦｌｙ Ｐｈａｒｍａ株式会社,4598,,,0,1,バイオ・創薬|医療機器|脱炭素・次世代エネルギー
JP4599,株式会社ステムリム,4599,,,0,1,バイオ・創薬|医療機器
JP4626,太陽ホールディングス株式会社,4626,,,0,1,電池・先端材料
JP4634,ａｒｔｉｅｎｃｅ株式会社,4634,,,0,1,AI・ソフトウェア|光学・量子・精密|半導体・製造装置|脱炭素・次世代エネルギー|電池・先端材料
JP4684,株式会社オービック,4684,,,0,1,AI・ソフトウェア
JP4704,トレンドマイクロ株式会社,4704,,,0,1,サイバーセキュリティ
JP4812,株式会社電通総研,4812,,,0,1,AI・ソフトウェア
JP4880,セルソース株式会社,4880,,,6450000000,1,バイオ・創薬|医療機器
JP4882,株式会社ペルセウスプロテオミクス,4882,,,2618000000,1,バイオ・創薬
JP4883,株式会社モダリス,4883,,,0,1,バイオ・創薬
JP4884,クリングルファーマ株式会社,4884,,,2738000000,1,バイオ・創薬|医療機器
JP4886,あすか製薬ホールディングス株式会社,4886,,,0,1,バイオ・創薬
JP4887,サワイグループホールディングス株式会社,4887,,,0,1,バイオ・創薬
JP4888,ステラファーマ株式会社,4888,,,11238000000,1,バイオ・創薬
JP4889,株式会社レナサイエンス,4889,,,0,1,AI・ソフトウェア|バイオ・創薬|医療機器
JP4890,株式会社坪田ラボ,4890,,,0,1,バイオ・創薬|光学・量子・精密|医療機器
JP4891,㈱ティムス,4891,,,0,1,バイオ・創薬|医療機器
JP4892,株式会社サイフューズ,4892,,,0,1,バイオ・創薬
JP4893,ノイルイミューン・バイオテック株式会社,4893,,,0,1,バイオ・創薬|医療機器
JP4894,クオリプス株式会社,4894,,,0,1,バイオ・創薬
JP4896,株式会社ケイファーマ,4896,,,0,1,バイオ・創薬|医療機器
JP4901,富士フイルムホールディングス株式会社,4901,FUJIFILM HOLDINGS CORPORATION,富士フイルム株式会社,0,1,光学・量子・精密
JP4902,コニカミノルタ株式会社,4902,,,0,1,光学・量子・精密
JP4911,株式会社資生堂,4911,SHISEIDO CO LIMITED|SHISEIDO COMPANY LIMITED,,1106544000000,1,バイオ・創薬
JP4968,荒川化学工業株式会社,4968,,,0,1,AI・ソフトウェア|バイオ・創薬|光学・量子・精密|半導体・製造装置|脱炭素・次世代エネルギー|電池・先端材料
JP4970,東洋合成工業株式会社,4970,,,0,1,電池・先端材料
JP4971,メック株式会社,4971,,,0,1,半導体・製造装置
JP4973,日本高純度化学株式会社,4973,,,0,1,半導体・製造装置|宇宙・防衛|電池・先端材料
JP4975,株式会社ＪＣＵ,4975,,,0,1,半導体・製造装置
JP4978,株式会社リプロセル,4978,,,0,1,バイオ・創薬|医療機器
JP4979,ＯＡＴアグリオ株式会社,4979,,,0,1,バイオ・創薬|脱炭素・次世代エネルギー
JP4980,デクセリアルズ株式会社,4980,,,0,1,半導体・製造装置
JP4996,クミアイ化学工業株式会社,4996,,,0,1,バイオ・創薬|半導体・製造装置
JP5016,ＪＸ金属株式会社,5016,,,0,1,AI・ソフトウェア|ロボティクス・FA|光学・量子・精密|医療機器|半導体・製造装置|脱炭素・次世代エネルギー|電池・先端材料
JP5019,出光興産株式会社,5019,,,1461258000000,1,脱炭素・次世代エネルギー|電池・先端材料
JP5020,ＥＮＥＯＳホールディングス株式会社,5020,,ＥＮＥＯＳ株式会社|ENEOS株式会社,3281633000000,1,脱炭素・次世代エネルギー
JP504A,イノバセル株式会社,504A,,,0,1,バイオ・創薬|医療機器|宇宙・防衛
JP5110,住友ゴム工業株式会社,5110,SUMITOMO RUBBER INDUSTRIES LTD|SUMITOMO RUBBER IND,,0,1,自動運転・次世代モビリティ|電池・先端材料
JP5121,藤倉コンポジット株式会社,5121,,,0,1,医療機器|半導体・製造装置|脱炭素・次世代エネルギー|電池・先端材料
JP5185,株式会社フコク,5185,,,0,1,バイオ・創薬|ロボティクス・FA|半導体・製造装置|宇宙・防衛|電池・先端材料
JP5195,バンドー化学株式会社,5195,,,0,1,ロボティクス・FA|光学・量子・精密|医療機器
JP5208,株式会社有沢製作所,5208,,,0,1,AI・ソフトウェア|光学・量子・精密|脱炭素・次世代エネルギー|電子部品
JP5214,日本電気硝子株式会社,5214,,,468260000000,1,電池・先端材料
JP5310,東洋炭素株式会社,5310,,,0,1,半導体・製造装置|宇宙・防衛|脱炭素・次世代エネルギー|電池・先端材料
JP5331,ノリタケ株式会社,5331,,,0,1,ロボティクス・FA|半導体・製造装置|電池・先端材料
JP5332,ＴＯＴＯ株式会社,5332,,,1411679000000,1,半導体・製造装置|計測・制御
JP5333,ＮＧＫ株式会社,5333,,,2102631000000,1,電池・先端材料
JP5334,日本特殊陶業株式会社,5334,,,2146463000000,1,半導体・製造装置|脱炭素・次世代エネルギー|電池・先端材料
JP5384,株式会社フジミインコーポレーテッド,5384,,,0,1,半導体・製造装置
JP5406,株式会社 神戸製鋼所,5406,,,753536000000,1,ロボティクス・FA|半導体・製造装置|機械・製造技術|脱炭素・次世代エネルギー|自動運転・次世代モビリティ|電池・先端材料
JP5542,新報国マテリアル株式会社,5542,,,0,1,半導体・製造装置|宇宙・防衛|脱炭素・次世代エネルギー
JP5574,株式会社ＡＢＥＪＡ,5574,,,0,1,AI・ソフトウェア
JP5582,株式会社グリッド,5582,,,0,1,AI・ソフトウェア
JP5591,株式会社ＡＶＩＬＥＮ,5591,,,0,1,AI・ソフトウェア
JP5595,株式会社ＱＰＳ研究所,5595,,,0,1,宇宙・防衛
JP5711,三菱マテリアル株式会社,5711,,,595236000000,1,電池・先端材料
JP5713,住友金属鉱山株式会社,5713,,,2130463000000,1,電池・先端材料
JP5801,古河電気工業株式会社,5801,,,2813992000000,1,次世代通信|電池・先端材料
JP5802,住友電気工業株式会社,5802,,,0,1,次世代通信|電池・先端材料
JP5803,株式会社フジクラ,5803,,,8871022000000,1,次世代通信|電池・先端材料
JP5821,平河ヒューテック株式会社,5821,,,0,1,AI・ソフトウェア|サイバーセキュリティ|医療機器|半導体・製造装置|自動運転・次世代モビリティ
JP5857,ＡＲＥホールディングス株式会社,5857,,,0,1,ロボティクス・FA|半導体・製造装置|脱炭素・次世代エネルギー
JP5991,日本発條株式会社,5991,,,0,1,サイバーセキュリティ|半導体・製造装置
JP6090,ヒューマン・メタボローム・テクノロジーズ株式会社,6090,,,3340000000,1,バイオ・創薬
JP6103,オークマ株式会社,6103,,,0,1,ロボティクス・FA
JP6113,株式会社アマダ,6113,,,0,1,ロボティクス・FA
JP6134,株式会社ＦＵＪＩ,6134,,,0,1,ロボティクス・FA
JP6140,旭ダイヤモンド工業株式会社,6140,,,0,1,半導体・製造装置
JP6141,ＤＭＧ森精機株式会社,6141,,,0,1,ロボティクス・FA
JP6146,株式会社ディスコ,6146,DISCO CORPORATION,,0,1,半導体・製造装置
JP6166,株式会社中村超硬,6166,,,10249000000,1,半導体・製造装置|電子部品
JP6190,株式会社フェニックスバイオ,6190,,,1368000000,1,バイオ・創薬|ロボティクス・FA
JP6208,株式会社石川製作所,6208,,,0,1,宇宙・防衛
JP6227,ＡＩメカテック株式会社,6227,,,0,1,光学・量子・精密|半導体・製造装置
JP6228,株式会社ジェイ・イー・ティ,6228,,,0,1,半導体・製造装置
JP6232,株式会社ＡＣＳＬ,6232,,,0,1,ロボティクス・FA
JP6235,株式会社オプトラン,6235,,,0,1,サイバーセキュリティ|光学・量子・精密|半導体・製造装置|電池・先端材料
JP6254,野村マイクロ・サイエンス株式会社,6254,,,0,1,半導体・製造装置
JP6258,平田機工株式会社,6258,,,0,1,ロボティクス・FA|医療機器|半導体・製造装置
JP6264,株式会社マルマエ,6264,,,0,1,半導体・製造装置
JP6268,ナブテスコ株式会社,6268,,,0,1,ロボティクス・FA|半導体・製造装置|宇宙・防衛|計測・制御
JP6273,ＳＭＣ株式会社,6273,,,4780362000000,1,ロボティクス・FA
JP6276,シリウスビジョン株式会社,6276,,,0,1,AI・ソフトウェア|半導体・製造装置
JP6301,株式会社小松製作所,6301,,,5923249000000,1,ロボティクス・FA|光学・量子・精密|半導体・製造装置|宇宙・防衛|機械・製造技術|脱炭素・次世代エネルギー|自動運転・次世代モビリティ|電池・先端材料
JP6302,住友重機械工業株式会社,6302,,,0,1,光学・量子・精密|医療機器|半導体・製造装置|宇宙・防衛|脱炭素・次世代エネルギー|電池・先端材料
JP6315,ＴＯＷＡ株式会社,6315,,,250217999999,1,半導体・製造装置
JP6317,株式会社北川鉄工所,6317,,,0,1,ロボティクス・FA|半導体・製造装置|自動運転・次世代モビリティ
JP6323,ローツェ株式会社,6323,,,856753000000,1,半導体・製造装置
JP6324,株式会社ハーモニック・ドライブ・システムズ,6324,,,0,1,ロボティクス・FA
JP6326,株式会社 クボタ,6326,,,0,1,AI・ソフトウェア|ロボティクス・FA|宇宙・防衛|機械・製造技術|脱炭素・次世代エネルギー|自動運転・次世代モビリティ|電池・先端材料
JP6337,株式会社テセック,6337,,,0,1,半導体・製造装置
JP6338,株式会社タカトリ,6338,,,0,1,ロボティクス・FA|医療機器|半導体・製造装置|電池・先端材料
JP6339,新東工業株式会社,6339,,,0,1,ロボティクス・FA|半導体・製造装置|電池・先端材料
JP6340,澁谷工業株式会社,6340,,,0,1,ロボティクス・FA|医療機器|半導体・製造装置
JP6361,株式会社荏原製作所,6361,,,0,1,AI・ソフトウェア|半導体・製造装置|宇宙・防衛|宇宙・防衛・重工|脱炭素・次世代エネルギー|自動運転・次世代モビリティ
JP6367,ダイキン工業株式会社,6367,,,7151847000000,1,光学・量子・精密|医療機器|半導体・製造装置|宇宙・防衛|機械・製造技術|電池・先端材料
JP6376,日機装株式会社,6376,,,0,1,バイオ・創薬|宇宙・防衛|脱炭素・次世代エネルギー|電池・先端材料
JP6383,株式会社ダイフク,6383,,,2689062000000,1,ロボティクス・FA
JP6384,株式会社昭和真空,6384,,,0,1,ロボティクス・FA|光学・量子・精密|半導体・製造装置
JP6387,サムコ 株式会社,6387,,,0,1,半導体・製造装置
JP6407,ＣＫＤ株式会社,6407,,,0,1,ロボティクス・FA
JP6457,グローリー株式会社,6457,,,0,1,ロボティクス・FA
JP6471,日本精工株式会社,6471,,,579356000000,1,ロボティクス・FA|半導体・製造装置|宇宙・防衛|脱炭素・次世代エネルギー|自動運転・次世代モビリティ
JP6472,ＮＴＮ株式会社,6472,,,243034000000,1,バイオ・創薬|ロボティクス・FA|脱炭素・次世代エネルギー
JP6473,株式会社ジェイテクト,6473,,,678365000000,1,ロボティクス・FA|半導体・製造装置|脱炭素・次世代エネルギー|自動運転・次世代モビリティ|電池・先端材料
JP6479,ミネベアミツミ株式会社,6479,,,1946934999999,1,ロボティクス・FA
JP6481,ＴＨＫ株式会社,6481,,,0,1,ロボティクス・FA
JP6501,株式会社日立製作所,6501,HITACHI LTD|HITACHI LIMITED,HITACHI HIGH-TECH CORPORATION|HITACHI HIGH-TECH CORP|HITACHI ASTEMO LTD|HITACHI ENERGY LTD|HITACHI SOLUTIONS LTD,20752705000000,1,ロボティクス・FA|宇宙・防衛
JP6503,三菱電機株式会社,6503,MITSUBISHI ELECTRIC CORPORATION|MITSUBISHI ELECTRIC CORP,MITSUBISHI ELECTRIC R&D CENTRE EUROPE|MITSUBISHI ELECTRIC AUTOMATION INC,12164014000000,1,ロボティクス・FA
JP6504,富士電機株式会社,6504,,,1976731000000,1,ロボティクス・FA|脱炭素・次世代エネルギー
JP6506,株式会社安川電機,6506,YASKAWA ELECTRIC CORPORATION,,1939813000000,1,ロボティクス・FA
JP6507,シンフォニアテクノロジー株式会社,6507,,,0,1,AI・ソフトウェア|ロボティクス・FA|半導体・製造装置|宇宙・防衛|宇宙・防衛・重工|脱炭素・次世代エネルギー|電池・先端材料
JP6513,株式会社オリジン,6513,,,0,1,光学・量子・精密|半導体・製造装置
JP6516,山洋電気株式会社,6516,,,0,1,サイバーセキュリティ|ロボティクス・FA|光学・量子・精密|医療機器|半導体・製造装置
JP6521,株式会社オキサイド,6521,,,0,1,半導体・製造装置
JP6523,ＰＨＣホールディングス株式会社,6523,,,0,1,バイオ・創薬|医療機器
JP6524,湖北工業株式会社,6524,,,135485999999,1,AI・ソフトウェア|光学・量子・精密|半導体・製造装置|宇宙・防衛|電子部品
JP6525,株式会社ＫＯＫＵＳＡＩ ＥＬＥＣＴＲＩＣ,6525,,,0,1,半導体・製造装置
JP6526,株式会社ソシオネクスト,6526,,,0,1,半導体・製造装置
JP6590,芝浦メカトロニクス株式会社,6590,,,0,1,半導体・製造装置
JP6594,ニデック株式会社,6594,NIDEC CORPORATION,,3194766000000,1,ロボティクス・FA
JP6599,エブレン株式会社,6599,,,0,1,AI・ソフトウェア|サイバーセキュリティ|ロボティクス・FA|医療機器|半導体・製造装置|宇宙・防衛
JP6613,株式会社ＱＤレーザ,6613,,,108575000000,1,光学・量子・精密|半導体・製造装置
JP6614,株式会社シキノハイテック,6614,,,3833000000,1,半導体・製造装置
JP6616,トレックス・セミコンダクター株式会社,6616,,,0,1,半導体・製造装置
JP6622,株式会社ダイヘン,6622,,,0,1,ロボティクス・FA|半導体・製造装置|電池・先端材料
JP6627,株式会社テラプローブ,6627,,,126266000000,1,半導体・製造装置
JP6632,株式会社ＪＶＣケンウッド,6632,,,0,1,サイバーセキュリティ|光学・量子・精密|半導体・製造装置|電池・先端材料
JP6645,オムロン株式会社,6645,OMRON CORPORATION,OMRON HEALTHCARE CO LTD|OMRON AUTOMOTIVE ELECTRONICS CO LTD,1190788000000,1,ロボティクス・FA
JP6656,インスペック株式会社,6656,,,0,1,AI・ソフトウェア|半導体・製造装置
JP6663,太洋テクノレックス株式会社,6663,,,0,1,ロボティクス・FA|光学・量子・精密|半導体・製造装置
JP6666,リバーエレテック株式会社,6666,,,0,1,医療機器|半導体・製造装置
JP6668,株式会社アドテックプラズマテクノロジー,6668,,,0,1,半導体・製造装置
JP6674,株式会社 ジーエス・ユアサ コーポレーション,6674,,,0,1,脱炭素・次世代エネルギー|電池・先端材料
JP6677,株式会社エスケーエレクトロニクス,6677,,,0,1,半導体・製造装置
JP6701,日本電気株式会社,6701,NEC CORPORATION|NIPPON ELECTRIC CO LTD|NEC CORP,NEC PLATFORMS LTD|NEC SOLUTION INNOVATORS LTD|NEC COMMUNICATION SYSTEMS LTD,5528202000000,1,AI・ソフトウェア|宇宙・防衛|次世代通信
JP6702,富士通株式会社,6702,FUJITSU LIMITED,,5769871000000,1,AI・ソフトウェア|宇宙・防衛|次世代通信
JP6703,沖電気工業株式会社,6703,,,297104000000,1,ロボティクス・FA|医療機器|半導体・製造装置|宇宙・防衛|自動運転・次世代モビリティ
JP6707,サンケン電気株式会社,6707,,,0,1,半導体・製造装置
JP6721,ウインテスト株式会社,6721,,,0,1,光学・量子・精密|半導体・製造装置|脱炭素・次世代エネルギー
JP6723,ルネサスエレクトロニクス株式会社,6723,RENESAS ELECTRONICS CORPORATION,,8744900999999,1,半導体・製造装置
JP6724,セイコーエプソン株式会社,6724,,,0,1,ロボティクス・FA|半導体・製造装置|宇宙・防衛
JP6727,株式会社ワコム,6727,,,0,1,AI・ソフトウェア|サイバーセキュリティ|電子部品
JP6728,株式会社 アルバック,6728,,,495672000000,1,半導体・製造装置
JP6730,株式会社アクセル,6730,,,0,1,サイバーセキュリティ|半導体・製造装置
JP6748,星和電機株式会社,6748,,,0,1,ロボティクス・FA|医療機器|半導体・製造装置|電池・先端材料
JP6752,パナソニックホールディングス株式会社,6752,PANASONIC HOLDINGS CORPORATION|PANASONIC CORPORATION,PANASONIC ENERGY CO LTD|PANASONIC AUTOMOTIVE SYSTEMS CO LTD|PANASONIC CONNECT CO LTD|PANASONIC INDUSTRY CO LTD|PANASONIC IND CO LTD|PANASONIC INTELLECTUAL PROPERTY MANAGEMENT CO LTD|PANASONIC IP MAN CO LTD|パナソニックインダストリー株式会社|パナソニックＩＰマネジメント株式会社,10558172000000,1,AI・ソフトウェア|ロボティクス・FA|光学・量子・精密|脱炭素・次世代エネルギー|計測・制御|電池・先端材料
JP6753,シャープ株式会社,6753,,,0,1,サイバーセキュリティ|ロボティクス・FA|光学・量子・精密|宇宙・防衛|電子部品|電池・先端材料
JP6754,アンリツ株式会社,6754,,,0,1,次世代通信
JP6758,ソニーグループ株式会社,6758,SONY GROUP CORPORATION|SONY CORPORATION,ソニー株式会社|SONY SEMICONDUCTOR SOLUTIONS CORP|SONY INTERACTIVE ENTERTAINMENT INC|SONY MOBILE COMMUNICATIONS INC,19907750000000,1,光学・量子・精密|半導体・製造装置|宇宙・防衛
JP6762,ＴＤＫ株式会社,6762,TDK CORPORATION,,7021272000000,1,半導体・製造装置
JP6769,ザインエレクトロニクス株式会社,6769,,,0,1,サイバーセキュリティ|半導体・製造装置
JP6770,アルプスアルパイン株式会社,6770,,,414814000000,1,サイバーセキュリティ|ロボティクス・FA|光学・量子・精密|医療機器|自動運転・次世代モビリティ|電子部品
JP6777,ｓａｎｔｅｃ Ｈｏｌｄｉｎｇｓ株式会社,6777,,,0,1,光学・量子・精密|半導体・製造装置|計測・制御
JP6778,株式会社アルチザネットワークス,6778,,,0,1,次世代通信
JP6779,日本電波工業株式会社,6779,,,0,1,半導体・製造装置
JP6787,株式会社メイコー,6787,,,0,1,半導体・製造装置|自動運転・次世代モビリティ
JP6800,株式会社ヨコオ,6800,,,0,1,次世代通信
JP6806,ヒロセ電機株式会社,6806,,,0,1,ロボティクス・FA|医療機器|半導体・製造装置|電子部品|電池・先端材料
JP6807,日本航空電子工業株式会社,6807,,,0,1,光学・量子・精密|医療機器|半導体・製造装置|宇宙・防衛|自動運転・次世代モビリティ|電子部品
JP6810,マクセル株式会社,6810,,,0,1,光学・量子・精密|医療機器|半導体・製造装置|電池・先端材料
JP6814,古野電気株式会社,6814,,,0,1,医療機器|宇宙・防衛|自動運転・次世代モビリティ|電子部品
JP6817,スミダコーポレーション株式会社,6817,,,0,1,半導体・製造装置
JP6824,新コスモス電機株式会社,6824,,,0,1,半導体・製造装置|宇宙・防衛|脱炭素・次世代エネルギー|電池・先端材料
JP6832,アオイ電子株式会社,6832,,,0,1,光学・量子・精密|半導体・製造装置
JP6834,株式会社 精工技研,6834,,,237248000000,1,半導体・製造装置
JP6838,株式会社多摩川ホールディングス,6838,,,0,1,次世代通信
JP6841,横河電機株式会社,6841,,,1467373000000,1,ロボティクス・FA
JP6844,新電元工業株式会社,6844,,,0,1,サイバーセキュリティ|半導体・製造装置
JP6845,アズビル株式会社,6845,,,0,1,AI・ソフトウェア|サイバーセキュリティ|半導体・製造装置|宇宙・防衛|計測・制御|電池・先端材料
JP6848,東亜ディーケーケー株式会社,6848,,,0,1,半導体・製造装置|脱炭素・次世代エネルギー
JP6850,株式会社チノー,6850,,,0,1,光学・量子・精密|半導体・製造装置|脱炭素・次世代エネルギー|電子部品
JP6855,日本電子材料株式会社,6855,,,0,1,半導体・製造装置
JP6856,株式会社堀場製作所,6856,,,0,1,バイオ・創薬|半導体・製造装置|脱炭素・次世代エネルギー|電池・先端材料
JP6857,株式会社アドバンテスト,6857,ADVANTEST CORPORATION,,21269657000000,1,半導体・製造装置
JP6858,株式会社小野測器,6858,,,0,1,半導体・製造装置|宇宙・防衛|自動運転・次世代モビリティ|計測・制御|電池・先端材料
JP6859,エスペック株式会社,6859,,,0,1,半導体・製造装置|自動運転・次世代モビリティ|電池・先端材料
JP6861,株式会社キーエンス,6861,KEYENCE CORPORATION,,0,1,ロボティクス・FA|光学・量子・精密
JP6863,株式会社ニレコ,6863,,,0,1,光学・量子・精密|半導体・製造装置|計測・制御|電池・先端材料
JP6869,シスメックス株式会社,6869,,,0,1,光学・量子・精密|医療機器
JP6870,日本フェンオール株式会社,6870,,,0,1,医療機器|半導体・製造装置
JP6871,株式会社日本マイクロニクス,6871,,,620228000000,1,半導体・製造装置
JP6875,株式会社メガチップス,6875,,,158406000000,1,サイバーセキュリティ|半導体・製造装置
JP6882,株式会社三社電機製作所,6882,,,0,1,半導体・製造装置|脱炭素・次世代エネルギー|電池・先端材料
JP6890,株式会社フェローテック,6890,,株式会社フェローテック,486575000000,1,半導体・製造装置
JP6898,トミタ電機株式会社,6898,,,0,1,サイバーセキュリティ|半導体・製造装置|自動運転・次世代モビリティ|電子部品|電池・先端材料
JP6902,株式会社デンソー,6902,DENSO CORPORATION|DENSO CORP,DENSO TEN LTD|DENSO WAVE INC,0,1,自動運転・次世代モビリティ
JP6907,ジオマテック株式会社,6907,,,0,1,半導体・製造装置
JP6914,オプテックスグループ株式会社,6914,,,0,1,AI・ソフトウェア|サイバーセキュリティ|ロボティクス・FA|光学・量子・精密|半導体・製造装置|電子部品|電池・先端材料
JP6918,株式会社アバールデータ,6918,,,0,1,医療機器|半導体・製造装置
JP6920,レーザーテック株式会社,6920,LASERTEC CORPORATION,,0,1,半導体・製造装置
JP6925,ウシオ電機株式会社,6925,,,0,1,光学・量子・精密|半導体・製造装置
JP6927,ヘリオス テクノ ホールディング株式会社,6927,,,0,1,光学・量子・精密|半導体・製造装置
JP6941,山一電機株式会社,6941,,,0,1,半導体・製造装置
JP6946,日本アビオニクス株式会社,6946,,,0,1,宇宙・防衛
JP6954,ファナック株式会社,6954,FANUC CORPORATION|FANUC CORP,,6941766000000,1,ロボティクス・FA
JP6958,日本シイエムケイ株式会社,6958,,,0,1,医療機器|宇宙・防衛|自動運転・次世代モビリティ|電子部品
JP6961,株式会社エンプラス,6961,,,0,1,光学・量子・精密|半導体・製造装置|自動運転・次世代モビリティ
JP6963,ローム株式会社,6963,ROHM CO LTD,,2296909000000,1,半導体・製造装置
JP6965,浜松ホトニクス株式会社,6965,HAMAMATSU PHOTONICS KK,,773291000000,1,光学・量子・精密|半導体・製造装置
JP6971,京セラ株式会社,6971,KYOCERA CORPORATION,KYOCERA DOCUMENT SOLUTIONS INC|KYOCERA DOCUMENT SOLUTIONS,0,1,半導体・製造装置
JP6976,太陽誘電株式会社,6976,,,2573020000000,1,電子部品
JP6977,株式会社日本抵抗器製作所,6977,,,0,1,ロボティクス・FA|医療機器|電子部品
JP6981,株式会社村田製作所,6981,MURATA MANUFACTURING CO LTD|MURATA MANUFACTURING CO|MURATA MFG CO LTD,MURATA ELECTRONICS NORTH AMERICA INC,20168820000000,1,半導体・製造装置
JP6986,双葉電子工業株式会社,6986,,,0,1,ロボティクス・FA|宇宙・防衛|電子部品
JP6988,日東電工株式会社,6988,,,2151716000000,1,半導体・製造装置
JP6989,北陸電気工業株式会社,6989,,,0,1,半導体・製造装置|宇宙・防衛|電子部品|電池・先端材料
JP6995,株式会社東海理化電機製作所,6995,,,0,1,自動運転・次世代モビリティ
JP6996,ニチコン株式会社,6996,,,0,1,AI・ソフトウェア|ロボティクス・FA|医療機器|半導体・製造装置|脱炭素・次世代エネルギー|電子部品|電池・先端材料
JP6998,日本タングステン株式会社,6998,,,0,1,半導体・製造装置|電池・先端材料
JP6999,ＫＯＡ株式会社,6999,,,0,1,AI・ソフトウェア|脱炭素・次世代エネルギー|自動運転・次世代モビリティ|電子部品|電池・先端材料
JP7003,株式会社三井Ｅ＆Ｓ,7003,,,0,1,脱炭素・次世代エネルギー
JP7011,三菱重工業株式会社,7011,MITSUBISHI HEAVY INDUSTRIES LTD,,12741914000000,1,ロボティクス・FA|宇宙・防衛|脱炭素・次世代エネルギー
JP7012,川崎重工業株式会社,7012,KAWASAKI HEAVY INDUSTRIES LTD,,2357092000000,1,ロボティクス・FA|宇宙・防衛
JP7013,株式会社ＩＨＩ,7013,IHI CORPORATION,IHI AEROSPACE CO LTD|株式会社ＩＨＩエアロスペース|株式会社ＩＨＩパーキングスクエア|株式会社ＩＨＩインフラスクエア|株式会社ＩＨＩ物流産業システム,3042135000000,1,ロボティクス・FA|宇宙・防衛
JP7096,株式会社ステムセル研究所,7096,,,7462000000,1,バイオ・創薬|医療機器
JP7201,日産自動車株式会社,7201,NISSAN MOTOR CO LTD,,1094717000000,1,自動運転・次世代モビリティ
JP7202,いすゞ自動車株式会社,7202,,,1590267000000,1,自動運転・次世代モビリティ
JP7203,トヨタ自動車株式会社,7203,TOYOTA MOTOR CORPORATION|TOYOTA MOTOR CO LTD|TOYOTA JIDOSHA KABUSHIKI KAISHA,TOYOTA CENTRAL R&D LABS INC|WOVEN BY TOYOTA INC|TOYOTA RESEARCH INSTITUTE INC,33486496999999,1,自動運転・次世代モビリティ
JP7211,三菱自動車工業株式会社,7211,,,446742000000,1,自動運転・次世代モビリティ
JP7224,新明和工業株式会社,7224,,,0,1,ロボティクス・FA|宇宙・防衛
JP7240,ＮＯＫ株式会社,7240,,,0,1,ロボティクス・FA|半導体・製造装置|脱炭素・次世代エネルギー|自動運転・次世代モビリティ|電子部品|電池・先端材料
JP7259,株式会社アイシン,7259,AISIN CORPORATION,,0,1,自動運転・次世代モビリティ
JP7261,マツダ株式会社,7261,MAZDA MOTOR CORPORATION,,719089000000,1,自動運転・次世代モビリティ
JP7267,本田技研工業株式会社,7267,HONDA MOTOR CO LTD|HONDA MOTOR CO,HONDA R&D CO LTD,0,1,自動運転・次世代モビリティ
JP7269,スズキ株式会社,7269,SUZUKI MOTOR CORPORATION,,0,1,自動運転・次世代モビリティ
JP7270,株式会社ＳＵＢＡＲＵ,7270,SUBARU CORPORATION,,1799659000000,1,自動運転・次世代モビリティ
JP7272,ヤマハ発動機株式会社,7272,,,1212002000000,1,自動運転・次世代モビリティ
JP7276,株式会社小糸製作所,7276,,,681210000000,1,光学・量子・精密|自動運転・次世代モビリティ|電子部品
JP7313,テイ・エス テック株式会社,7313,,,0,1,自動運転・次世代モビリティ
JP7409,ＡｅｒｏＥｄｇｅ株式会社,7409,,,0,1,サイバーセキュリティ|医療機器|宇宙・防衛|宇宙・防衛・重工
JP7525,リックス株式会社,7525,,,0,1,ロボティクス・FA|半導体・製造装置|脱炭素・次世代エネルギー
JP7701,株式会社 島津製作所,7701,,,0,1,光学・量子・精密|医療機器
JP7713,シグマ光機株式会社,7713,,,0,1,光学・量子・精密
JP7715,長野計器株式会社,7715,,,0,1,AI・ソフトウェア|光学・量子・精密|半導体・製造装置|宇宙・防衛|脱炭素・次世代エネルギー|電子部品
JP7717,株式会社ブイ・テクノロジー,7717,,,0,1,光学・量子・精密|半導体・製造装置
JP7721,東京計器株式会社,7721,,,0,1,宇宙・防衛
JP7725,株式会社インターアクション,7725,,,0,1,AI・ソフトウェア|ロボティクス・FA|光学・量子・精密|半導体・製造装置
JP7727,株式会社オーバル,7727,,,0,1,脱炭素・次世代エネルギー|電子部品|電池・先端材料
JP7729,株式会社東京精密,7729,,,0,1,半導体・製造装置
JP7731,株式会社ニコン,7731,NIKON CORPORATION,NIKON ESSILOR CO LTD|株式会社ニコン・エシロール,748105000000,1,光学・量子・精密
JP7733,オリンパス株式会社,7733,OLYMPUS CORPORATION,,1877896000000,1,光学・量子・精密|医療機器
JP7734,理研計器株式会社,7734,,,0,1,半導体・製造装置|脱炭素・次世代エネルギー
JP7735,株式会社ＳＣＲＥＥＮホールディングス,7735,SCREEN HOLDINGS CO LTD,株式会社ＳＣＲＥＥＮセミコンダクターソリューションズ|SCREEN SEMICONDUCTOR SOLUTIONS CO LTD,3581324000000,1,半導体・製造装置
JP7739,キヤノン電子株式会社,7739,,,0,1,サイバーセキュリティ|ロボティクス・FA|光学・量子・精密|宇宙・防衛
JP7741,ＨＯＹＡ株式会社,7741,HOYA CORPORATION,,8673961000000,1,光学・量子・精密|医療機器
JP7745,株式会社Ａ＆Ｄホロンホールディングス,7745,,,79971000000,1,医療機器|半導体・製造装置
JP7746,岡本硝子株式会社,7746,,,0,1,AI・ソフトウェア|光学・量子・精密|半導体・製造装置
JP7747,朝日インテック株式会社,7747,,,0,1,光学・量子・精密|医療機器
JP7751,キヤノン株式会社,7751,CANON INC,CANON MEDICAL SYSTEMS CORP|CANON MEDICAL SYSTEMS CORPORATION,3639179000000,1,光学・量子・精密
JP7752,株式会社リコー,7752,,,818130000000,1,AI・ソフトウェア|サイバーセキュリティ|バイオ・創薬|ロボティクス・FA|光学・量子・精密|半導体・製造装置|電池・先端材料
JP7762,シチズン時計株式会社,7762,,,586805000000,1,ロボティクス・FA|光学・量子・精密|半導体・製造装置|電池・先端材料
JP7774,株式会社ジャパン・ティッシュエンジニアリング,7774,,,0,1,バイオ・創薬|医療機器
JP7776,株式会社セルシード,7776,,,0,1,バイオ・創薬|医療機器
JP7777,株式会社スリー・ディー・マトリックス,7777,,,0,1,バイオ・創薬|ロボティクス・FA|医療機器|脱炭素・次世代エネルギー
JP7779,ＣＹＢＥＲＤＹＮＥ株式会社,7779,,,0,1,AI・ソフトウェア|ロボティクス・FA|医療機器|計測・制御
JP7780,株式会社メニコン,7780,,,0,1,光学・量子・精密|医療機器
JP7794,株式会社イーディーピー,7794,,,0,1,光学・量子・精密|半導体・製造装置
JP7902,株式会社ソノコム,7902,,,0,1,半導体・製造装置
JP7911,ＴＯＰＰＡＮホールディングス株式会社,7911,,,0,1,サイバーセキュリティ|バイオ・創薬|光学・量子・精密|医療機器|半導体・製造装置|電池・先端材料
JP7912,大日本印刷株式会社,7912,,,0,1,サイバーセキュリティ|光学・量子・精密|半導体・製造装置|電池・先端材料
JP7917,ＺＡＣＲＯＳ株式会社,7917,,,0,1,バイオ・創薬|医療機器|半導体・製造装置|電池・先端材料
JP7963,興研株式会社,7963,,,0,1,半導体・製造装置
JP7966,リンテック株式会社,7966,,,0,1,AI・ソフトウェア|光学・量子・精密|半導体・製造装置
JP7970,信越ポリマー株式会社,7970,,,0,1,医療機器|半導体・製造装置
JP8001,伊藤忠商事株式会社,8001,,,13200450000000,1,サイバーセキュリティ|医療機器|半導体・製造装置|宇宙・防衛|脱炭素・次世代エネルギー|金属・先端材料|電池・先端材料
JP8020,兼松株式会社,8020,,,0,1,AI・ソフトウェア|サイバーセキュリティ|半導体・製造装置|宇宙・防衛|宇宙・防衛・重工
JP8035,東京エレクトロン株式会社,8035,TOKYO ELECTRON LIMITED|TOKYO ELECTRON LTD,TOKYO ELECTRON TECHNOLOGY SOLUTIONS LTD|TOKYO ELECTRON MIYAGI LTD|TOKYO ELECTRON KYUSHU LTD,0,1,半導体・製造装置
JP8086,ニプロ株式会社,8086,,,0,1,光学・量子・精密|医療機器
JP8088,岩谷産業株式会社,8088,,,0,1,バイオ・創薬|ロボティクス・FA|半導体・製造装置|脱炭素・次世代エネルギー|電池・先端材料
JP8151,株式会社東陽テクニカ,8151,,,0,1,サイバーセキュリティ|光学・量子・精密|医療機器|半導体・製造装置|宇宙・防衛|脱炭素・次世代エネルギー|自動運転・次世代モビリティ|計測・制御|電池・先端材料
JP8473,ＳＢＩホールディングス株式会社,8473,,,1742349000000,1,バイオ・創薬
JP9165,株式会社クオルテック,9165,,,0,1,AI・ソフトウェア|ロボティクス・FA|医療機器|半導体・製造装置|電池・先端材料
JP9212,Ｇｒｅｅｎ Ｅａｒｔｈ Ｉｎｓｔｉｔｕｔｅ株式会社,9212,,,0,1,バイオ・創薬
JP9348,株式会社ｉｓｐａｃｅ,9348,,,0,1,宇宙・防衛
JP9432,ＮＴＴ株式会社,9432,NIPPON TELEGRAPH AND TELEPHONE CORPORATION|NTT CORPORATION,NTT DOCOMO INC|NTT DOCOMO,0,1,光学・量子・精密|次世代通信
JP9433,ＫＤＤＩ株式会社,9433,KDDI CORPORATION,,0,1,次世代通信
JP9434,ソフトバンク株式会社,9434,SOFTBANK CORP,,0,1,次世代通信
JP9506,東北電力株式会社,9506,,,534671000000,1,ロボティクス・FA|脱炭素・次世代エネルギー|電子部品
JP9509,北海道電力株式会社,9509,,,199190000000,1,バイオ・創薬|脱炭素・次世代エネルギー
JP9513,電源開発株式会社,9513,,,644014000000,1,脱炭素・次世代エネルギー
JP9517,イーレックス株式会社,9517,,,0,1,脱炭素・次世代エネルギー
JP9519,株式会社レノバ,9519,,,0,1,脱炭素・次世代エネルギー
JP9697,株式会社カプコン,9697,,,1360759000000,1,バイオ・創薬
JP9880,イノテック株式会社,9880,,,0,1,半導体・製造装置
JP9984,ソフトバンクグループ株式会社,9984,,,35156658000000,1,サイバーセキュリティ|半導体・製造装置
