企業名,OpenWork,転職会議,キャリコネ
株式会社ぐるなび,26.5,25.1,28.4
株式会社内田洋行,24.2,23.5,26.0
日清オイリオグループ株式会社,21.5,20.8,23.0
日本紙パルプ商事株式会社,21.8,22.4,23.5
丸三証券株式会社,27.5,26.2,29.8
株式会社ジェイック,28.4,27.1,30.5
株式会社フェローテックホールディングス,24.8,23.5,26.9
株式会社セブン＆アイ・ホールディングス,25.3,24.2,28.0
第一三共株式会社,18.5,19.2,20.4
フロンティア・マネジメント株式会社,34.2,32.5,38.1
三井住友トラスト・パナソニックファイナンス株式会社,23.1,22.4,24.8
株式会社ノバレーゼ,32.1,30.5,35.0
株式会社アクセルスペースホールディングス,25.1,24.2,27.0
ＮＯＫ株式会社,23.4,22.8,25.1
オイレス工業株式会社,22.0,21.3,24.2
川岸工業株式会社,38.1,34.2,42.0
株式会社小糸製作所,24.6,23.8,26.2
酒井重工業株式会社,23.8,22.5,25.0
三信電気株式会社,22.6,21.8,24.3
清水建設株式会社,44.2,40.5,48.0
丸建リース株式会社,28.1,27.0,30.2
森永製菓株式会社,21.2,20.4,22.5
森ビル株式会社,28.4,27.0,31.2
株式会社極洋,25.0,24.2,27.1
アルコニックス株式会社,24.1,23.5,26.0
株式会社ほぼ日,22.4,23.0,24.5
株式会社ＦＲＯＮＴＥＯ,31.5,29.2,34.0
株式会社シャノン,26.2,25.0,28.4
ソフトバンクグループ株式会社,26.8,25.4,28.9
株式会社アイスタイル,28.5,27.0,30.2
バリューコマース株式会社,25.4,24.1,27.0
株式会社ツムラ,20.4,19.5,21.8
株式会社セレス,26.1,24.5,28.2
三陽商会株式会社,25.3,24.0,27.1
株式会社ＦＩＸＥＲ,29.1,27.5,31.4
コスモエネルギーホールディングス株式会社,22.1,21.4,23.8
ＪＳＲ株式会社,21.0,20.3,22.4
日本アイ・エス・ケイ株式会社,23.5,22.1,25.4
クミアイ化学工業株式会社,20.5,19.8,22.1
ライオン株式会社,19.5,18.8,21.0
日本電技株式会社,27.4,26.0,29.5
株式会社フォーカスシステムズ,25.4,24.8,27.2
株式会社荏原製作所,24.5,23.8,26.2
ソレキア株式会社,24.0,22.5,26.1
岡谷電機産業株式会社,23.1,22.0,25.4
株式会社リベロ,27.1,26.2,29.0
株式会社赤阪鐵工所,22.1,21.4,23.8
昭和産業株式会社,20.4,19.5,21.8
東宝株式会社,19.2,18.5,20.4
高砂熱学工業株式会社,38.1,34.2,42.0
理研ビタミン株式会社,21.0,20.3,22.4
日本製鉄株式会社,25.4,24.8,27.2
株式会社イワキ,23.5,22.1,25.4
日本化薬株式会社,21.2,20.4,22.5
株式会社アイティフォー,24.6,23.8,26.2
日立建機株式会社,24.5,23.8,26.2
芙蓉総合リース株式会社,21.3,20.5,22.8
株式会社ソラスト,23.1,22.0,25.4
株式会社弘電社,35.2,33.0,38.5
artience株式会社,21.8,22.4,23.5
高島株式会社,23.4,22.8,25.1
大豊建設株式会社,48.5,43.2,52.1
中越パルプ工業株式会社,24.0,22.5,26.1
株式会社不二家,25.3,24.2,28.0
富士紡ホールディングス株式会社,22.6,21.8,24.3
株式会社ブリヂストン,26.8,25.4,28.9
日本証券金融株式会社,16.5,15.8,17.2
文化シヤッター株式会社,29.4,28.1,31.5
SMC株式会社,22.0,21.3,24.2
株式会社博展,28.4,27.1,30.6
株式会社ツガミ,24.1,23.5,26.0
石油資源開発株式会社,18.2,17.5,19.8
ナブテスコ株式会社,25.1,24.2,27.0
東京電力パワーグリッド株式会社,24.5,23.1,26.2
東京電力リニューアブルパワー株式会社,23.1,22.4,24.8
インフロニア・ホールディングス株式会社,28.2,27.4,30.5
信金中央金庫,19.5,18.8,21.0
株式会社アイビー化粧品,26.2,25.0,28.4
佐鳥電機株式会社,22.4,23.0,24.5
株式会社東北新社,29.5,28.0,32.4
ALSOK株式会社,28.5,27.0,30.2
株式会社テクノ菱和,27.5,26.2,29.8
日本国土開発株式会社,46.5,42.0,50.3
FDK株式会社,25.0,24.2,27.1
株式会社菱友システムズ,25.3,24.0,27.1
株式会社日本ケアサプライ,23.8,22.5,25.0
株式会社SUMCO,25.4,24.1,27.0
共栄火災海上保険株式会社,26.1,24.5,28.2
株式会社ビジネスブレイン太田昭和,26.5,25.0,28.4
みずほリース株式会社,21.5,20.8,23.0
NTT・TCリース株式会社,20.5,19.8,22.1
株式会社丹青社,29.1,27.5,31.4
太陽誘電株式会社,24.8,23.5,26.9
株式会社ナイガイ,25.1,24.3,27.0
株式会社ルネサンス,27.1,26.2,29.0
株式会社オートバックスセブン,23.5,22.0,25.6
株式会社ＳＵＢＡＲＵ,25.4,24.1,27.2
株式会社アサカ理研,29.1,27.5,31.4
株式会社ホーブ,26.1,24.5,28.2
